Workbook
Name _Ref171698474: MM_GEMsRt_Up!$A$2

Sheet DR
C2: Table 1: Overall average default rate
C4: Counter- parties | D4: Observed years | E4: Number of defaults | F4: Number of observations | G4: Signed amount € million | H4: Lower of 90% confidence interval | I4: Average default rate | J4: Upper of 90% confidence interval
C5: 10476 | D5: 31 | E5: 2101 | F5: 59361 | G5: 446360.85 | H5: 0.031889333 | I5: 0.035393609 | J5: 0.038897884

Sheet DR_Year
Q2: Table 4: Annual default rates
B3: Figure 1: Annual default rates
Q4: Year | R4: Signed amount € million | S4: Number of defaults | T4: Active counterparties | U4: Default rate | W4: Overall average | X4: ="Average "&$Q6&"-"&$Q15 -> Average 1995-2004 | Y4: ="Average "&$Q16&"-"&$Q25 -> Average 2005-2014 | Z4: ="Average "&$Q26&"-"&$Q35 -> Average 2015-2024
Q5: 1994 | R5: 7922.2769 | S5: 13 | T5: 530 | U5: 0.024528302 | W5: =U37 -> 0.035393609
Q6: 1995 | R6: 10863.275 | S6: 20 | T6: 613 | U6: 0.032626427 | V6: =((S6-S5)/(T6-T5))*U5 -> 0.002068652 | W6: =W5 -> 0.035393609 | X6: =SUM($S6:$S15)/SUM($T6:$T15) -> 0.051426559
Q7: 1996 | R7: 14745.529 | S7: 13 | T7: 700 | U7: 0.018571429 | V7: =((S7-S6)/(T7-T6))*U6 -> -0.0026251148 | W7: =W6 -> 0.035393609 | X7: =X6 -> 0.051426559
Q8: 1997 | R8: 17273.045 | S8: 29 | T8: 754 | U8: 0.038461538 | V8: =((S8-S7)/(T8-T7))*U7 -> 0.0055026455 | W8: =W7 -> 0.035393609 | X8: =X7 -> 0.051426559
Q9: 1998 | R9: 19274.241 | S9: 67 | T9: 769 | U9: 0.087126138 | V9: =((S9-S8)/(T9-T8))*U8 -> 0.097435897 | W9: =W8 -> 0.035393609 | X9: =X8 -> 0.051426559
Q10: 1999 | R10: 21607.418 | S10: 34 | T10: 815 | U10: 0.041717791 | V10: =((S10-S9)/(T10-T9))*U9 -> -0.062503534 | W10: =W9 -> 0.035393609 | X10: =X9 -> 0.051426559
Q11: 2000 | R11: 27399.963 | S11: 38 | T11: 896 | U11: 0.042410714 | V11: =((S11-S10)/(T11-T10))*U10 -> 0.0020601378 | W11: =W10 -> 0.035393609 | X11: =X10 -> 0.051426559
Q12: 2001 | R12: 29836.363 | S12: 49 | T12: 942 | U12: 0.052016985 | V12: =((S12-S11)/(T12-T11))*U11 -> 0.010141693 | W12: =W11 -> 0.035393609 | X12: =X11 -> 0.051426559
Q13: 2002 | R13: 35431.857 | S13: 76 | T13: 980 | U13: 0.07755102 | V13: =((S13-S12)/(T13-T12))*U12 -> 0.036959437 | W13: =W12 -> 0.035393609 | X13: =X12 -> 0.051426559
Q14: 2003 | R14: 39134.171 | S14: 68 | T14: 995 | U14: 0.068341709 | V14: =((S14-S13)/(T14-T13))*U13 -> -0.041360544 | W14: =W13 -> 0.035393609 | X14: =X13 -> 0.051426559
Q15: 2004 | R15: 47796.308 | S15: 44 | T15: 1053 | U15: 0.041785375 | V15: =((S15-S14)/(T15-T14))*U14 -> -0.028279328 | W15: =W14 -> 0.035393609 | X15: =X14 -> 0.051426559
Q16: 2005 | R16: 53217.757 | S16: 35 | T16: 1155 | U16: 0.03030303 | V16: =((S16-S15)/(T16-T15))*U15 -> -0.0036869449 | W16: =W15 -> 0.035393609 | Y16: =SUM($S16:$S25)/SUM($T16:$T25) -> 0.032565302
Q17: 2006 | R17: 60067.189 | S17: 38 | T17: 1245 | U17: 0.030522088 | V17: =((S17-S16)/(T17-T16))*U16 -> 0.001010101 | W17: =W16 -> 0.035393609 | Y17: =Y16 -> 0.032565302
Q18: 2007 | R18: 65421.939 | S18: 37 | T18: 1303 | U18: 0.028396009 | V18: =((S18-S17)/(T18-T17))*U17 -> -0.0005262429 | W18: =W17 -> 0.035393609 | Y18: =Y17 -> 0.032565302
Q19: 2008 | R19: 74981.766 | S19: 49 | T19: 1484 | U19: 0.033018868 | V19: =((S19-S18)/(T19-T18))*U18 -> 0.0018826083 | W19: =W18 -> 0.035393609 | Y19: =Y18 -> 0.032565302
Q20: 2009 | R20: 85584.745 | S20: 62 | T20: 1697 | U20: 0.036535062 | V20: =((S20-S19)/(T20-T19))*U19 -> 0.0020152361 | W20: =W19 -> 0.035393609 | Y20: =Y19 -> 0.032565302
Q21: 2010 | R21: 94477.822 | S21: 74 | T21: 1819 | U21: 0.040681693 | V21: =((S21-S20)/(T21-T20))*U20 -> 0.0035936126 | W21: =W20 -> 0.035393609 | Y21: =Y20 -> 0.032565302
Q22: 2011 | R22: 103204.81 | S22: 60 | T22: 1948 | U22: 0.030800821 | V22: =((S22-S21)/(T22-T21))*U21 -> -0.0044150675 | W22: =W21 -> 0.035393609 | Y22: =Y21 -> 0.032565302
Q23: 2012 | R23: 114336.61 | S23: 66 | T23: 2115 | U23: 0.031205674 | V23: =((S23-S22)/(T23-T22))*U22 -> 0.0011066163 | W23: =W22 -> 0.035393609 | Y23: =Y22 -> 0.032565302
Q24: 2013 | R24: 131087.47 | S24: 53 | T24: 2328 | U24: 0.022766323 | V24: =((S24-S23)/(T24-T23))*U23 -> -0.0019045716 | W24: =W23 -> 0.035393609 | Y24: =Y23 -> 0.032565302
Q25: 2014 | R25: 137957.74 | S25: 97 | T25: 2440 | U25: 0.039754098 | V25: =((S25-S24)/(T25-T24))*U24 -> 0.0089439126 | W25: =W24 -> 0.035393609 | Y25: =Y24 -> 0.032565302
Q26: 2015 | R26: 171555.24 | S26: 90 | T26: 3071 | U26: 0.029306415 | V26: =((S26-S25)/(T26-T25))*U25 -> -0.00044101218 | W26: =W25 -> 0.035393609 | Z26: =SUM($S26:$S35)/SUM($T26:$T35) -> 0.032916412
Q27: 2016 | R27: 180298.46 | S27: 115 | T27: 3143 | U27: 0.036589246 | V27: =((S27-S26)/(T27-T26))*U26 -> 0.010175838 | W27: =W26 -> 0.035393609 | Z27: =Z26 -> 0.032916412
Q28: 2017 | R28: 196268.51 | S28: 98 | T28: 3155 | U28: 0.031061807 | V28: =((S28-S27)/(T28-T27))*U27 -> -0.051834765 | W28: =W27 -> 0.035393609 | Z28: =Z27 -> 0.032916412
Q29: 2018 | R29: 206027.22 | S29: 89 | T29: 3209 | U29: 0.027734497 | V29: =((S29-S28)/(T29-T28))*U28 -> -0.0051769678 | W29: =W28 -> 0.035393609 | Z29: =Z28 -> 0.032916412
Q30: 2019 | R30: 216576.04 | S30: 116 | T30: 3327 | U30: 0.034866246 | V30: =((S30-S29)/(T30-T29))*U29 -> 0.0063460289 | W30: =W29 -> 0.035393609 | Z30: =Z29 -> 0.032916412
Q31: 2020 | R31: 224028.91 | S31: 173 | T31: 3396 | U31: 0.050942285 | V31: =((S31-S30)/(T31-T30))*U30 -> 0.028802551 | W31: =W30 -> 0.035393609 | Z31: =Z30 -> 0.032916412
Q32: 2021 | R32: 222992.58 | S32: 102 | T32: 3343 | U32: 0.030511517 | V32: =((S32-S31)/(T32-T31))*U31 -> 0.068243438 | W32: =W31 -> 0.035393609 | Z32: =Z31 -> 0.032916412
Q33: 2022 | R33: 224376.36 | S33: 108 | T33: 3354 | U33: 0.032200358 | V33: =((S33-S32)/(T33-T32))*U32 -> 0.016642645 | W33: =W32 -> 0.035393609 | Z33: =Z32 -> 0.032916412
Q34: 2023 | R34: 229318.94 | S34: 110 | T34: 3360 | U34: 0.032738095 | V34: =((S34-S33)/(T34-T33))*U33 -> 0.010733453 | W34: =W33 -> 0.035393609 | Z34: =Z33 -> 0.032916412
Q35: 2024 | R35: 240900.03 | S35: 78 | T35: 3422 | U35: 0.022793688 | V35: =((S35-S34)/(T35-T34))*U34 -> -0.016897081 | W35: =W34 -> 0.035393609 | Z35: =Z34 -> 0.032916412
Q36: 2023 | R36: 229318.94 | S36: 110 | T36: 3360 | U36: 0.032738095 | V36: =((S36-S35)/(T36-T35))*U35 -> -0.011764484 | W36: =W35 -> 0.035393609 | Z36: =Z35 -> 0.032916412
Q37: Overall | S37: =DR!E5 -> 2101 | T37: =DR!F5 -> 59361 | U37: =DR!I5 -> 0.035393609 | V37: =SUMPRODUCT(V6:V35,T6:T35)/SUM(T6:T35) -> 0.0043523222
V38: =AVERAGE(V7:V35) -> 0.0031705061

Sheet DR_TtD
B2: Figure 2: Time to default
F29: 0 | G29: 1 | H29: 2 | I29: 3 | J29: 4 | K29: 5 | L29: 6 | M29: 7 | N29: 8 | O29: 9 | P29: 10 | Q29: 11 | R29: 12 | S29: 13 | T29: 14 | U29: 15 | V29: 16 | W29: 17 | X29: 18 | Y29: 19 | Z29: >=20
D30: 2401 | E30: All | F30: 0.067471887 | G30: 0.22199084 | H30: 0.42149105 | I30: 0.59600167 | J30: 0.70970429 | K30: 0.79008746 | L30: 0.85714286 | M30: 0.89421075 | N30: 0.93252811 | O30: 0.95251978 | P30: 0.96626406 | Q30: 0.97459392 | R30: 0.98375677 | S30: 0.99000416 | T30: 0.9937526 | U30: 0.99583507 | V30: 0.99833403 | W30: 0.99875052 | X30: 0.99875052 | Y30: 0.99875052 | Z30: 1

Sheet DR_Rat_1y
B2: Figure 3: One-year default rates by credit rating
B29: Gi1 | C29: Gi2 | D29: Gi3 | E29: Gi4 | F29: Gi5 | G29: Gi6 | H29: Gi7 | I29: Gi8 | J29: Gi9 | K29: Gi10 | L29: Gs1 | M29: Gs2 | N29: Gs3 | O29: Gs4 | P29: Gs5 | Q29: Gs6 | R29: Gs7 | S29: Gs8 | T29: Gs9 | U29: Gs10
A30: Default rate by credit rating | B30: 0 | C30: 0 | D30: 0 | E30: 0 | F30: 0 | G30: 0 | H30: 0 | I30: 0.001 | J30: 0.0025 | K30: 0.0043 | L30: 0.0075 | M30: 0.0128 | N30: 0.0199 | O30: 0.0269 | P30: 0.0336 | Q30: 0.0481 | R30: 0.0714 | S30: 0.1059 | T30: 0.1645 | U30: 0.2462
A31: Average default rate | B31: =+DR!I5 -> 0.035393609 | C31: =$B$31 -> 0.035393609 | D31: =$B$31 -> 0.035393609 | E31: =$B$31 -> 0.035393609 | F31: =$B$31 -> 0.035393609 | G31: =$B$31 -> 0.035393609 | H31: =$B$31 -> 0.035393609 | I31: =$B$31 -> 0.035393609 | J31: =$B$31 -> 0.035393609 | ... U31: =$B$31 -> 0.035393609

Sheet RR
C2: Table 2: Overall average recovery rate
C4: Number of defaults | D4: Signed amount € million | E4: Average recovery rate | F4: Minimum observation | G4: 10th percentile | H4: 25th percentile | I4: Median | J4: 75th percentile | K4: 90th percentile | L4: Maximum observation
C5: 1801 | D5: 27449.833 | E5: 0.72934569 | F5: 0 | G5: 0.11136894 | H5: 0.50618334 | I5: 0.91081311 | J5: 0.99822109 | K5: 1 | L5: 1

Sheet RR_year
Z1: =SUM(Z4:Z440) -> 1801 | AA1: =SUMPRODUCT(AA4:AA40,Z4:Z40)/Z1 -> 0.72934569
A2: Figure 4: Annual recovery rates | Q2: Table 32: Recovery rates by year of default | Y2: years | Z2: Default count (right y-axis) | AA2: Recovery rate (left y-axis) | AB2: Average
Y4: 1994 | Z4: 18 | AA4: 0.72362125 | AB4: 0.72934569
Q5: Year | R5: Defaults | S5: Recovery rate | U5: Year | V5: Defaults | W5: Recovery rate | Y5: 1995 | Z5: 16 | AA5: 0.52030336 | AB5: =+AB4 -> 0.72934569
Q6: =+Y4 -> 1994 | R6: =+Z4 -> 18 | S6: =IF(R6=0,"",AA4) -> 0.72362125 | U6: =1+Q21 -> 2010 | V6: =+Z20 -> 83 | W6: =IF(V6=0,"",AA20) -> 0.77642992 | Y6: 1996 | Z6: 16 | AA6: 0.59583538 | AB6: =+AB5 -> 0.72934569
Q7: =+Y5 -> 1995 | R7: =+Z5 -> 16 | S7: =IF(R7=0,"",AA5) -> 0.52030336 | U7: =1+U6 -> 2011 | V7: =+Z21 -> 73 | W7: =IF(V7=0,"",AA21) -> 0.78730317 | Y7: 1997 | Z7: 27 | AA7: 0.59472568 | AB7: =+AB6 -> 0.72934569
Q8: =+Y6 -> 1996 | R8: =+Z6 -> 16 | S8: =IF(R8=0,"",AA6) -> 0.59583538 | U8: =1+U7 -> 2012 | V8: =+Z22 -> 58 | W8: =IF(V8=0,"",AA22) -> 0.73583452 | Y8: 1998 | Z8: 77 | AA8: 0.77279503 | AB8: =+AB7 -> 0.72934569
Q9: =+Y7 -> 1997 | R9: =+Z7 -> 27 | S9: =IF(R9=0,"",AA7) -> 0.59472568 | U9: =1+U8 -> 2013 | V9: =+Z23 -> 54 | W9: =IF(V9=0,"",AA23) -> 0.64062508 | Y9: 1999 | Z9: 35 | AA9: 0.73508957 | AB9: =+AB8 -> 0.72934569
Q10: =+Y8 -> 1998 | R10: =+Z8 -> 77 | S10: =IF(R10=0,"",AA8) -> 0.77279503 | U10: =1+U9 -> 2014 | V10: =+Z24 -> 85 | W10: =IF(V10=0,"",AA24) -> 0.64392746 | Y10: 2000 | Z10: 39 | AA10: 0.61683444 | AB10: =+AB9 -> 0.72934569
Q11: =+Y9 -> 1999 | R11: =+Z9 -> 35 | S11: =IF(R11=0,"",AA9) -> 0.73508957 | U11: =1+U10 -> 2015 | V11: =+Z25 -> 97 | W11: =IF(V11=0,"",AA25) -> 0.70944317 | Y11: 2001 | Z11: 49 | AA11: 0.65194748 | AB11: =+AB10 -> 0.72934569
Q12: =+Y10 -> 2000 | R12: =+Z10 -> 39 | S12: =IF(R12=0,"",AA10) -> 0.61683444 | U12: =1+U11 -> 2016 | V12: =+Z26 -> 129 | W12: =IF(V12=0,"",AA26) -> 0.6070832 | Y12: 2002 | Z12: 63 | AA12: 0.72695865 | AB12: =+AB11 -> 0.72934569
Q13: =+Y11 -> 2001 | R13: =+Z11 -> 49 | S13: =IF(R13=0,"",AA11) -> 0.65194748 | U13: =1+U12 -> 2017 | V13: =+Z27 -> 75 | W13: =IF(V13=0,"",AA27) -> 0.77818471 | Y13: 2003 | Z13: 70 | AA13: 0.86917204 | AB13: =+AB12 -> 0.72934569
Q14: =+Y12 -> 2002 | R14: =+Z12 -> 63 | S14: =IF(R14=0,"",AA12) -> 0.72695865 | U14: =1+U13 -> 2018 | V14: =+Z28 -> 66 | W14: =IF(V14=0,"",AA28) -> 0.61791099 | Y14: 2004 | Z14: 39 | AA14: 0.76820651 | AB14: =+AB13 -> 0.72934569
Q15: =+Y13 -> 2003 | R15: =+Z13 -> 70 | S15: =IF(R15=0,"",AA13) -> 0.86917204 | U15: =1+U14 -> 2019 | V15: =+Z29 -> 84 | W15: =IF(V15=0,"",AA29) -> 0.70717151 | Y15: 2005 | Z15: 36 | AA15: 0.71203126 | AB15: =+AB14 -> 0.72934569
Q16: =+Y14 -> 2004 | R16: =+Z14 -> 39 | S16: =IF(R16=0,"",AA14) -> 0.76820651 | U16: =1+U15 -> 2020 | V16: =+Z30 -> 119 | W16: =IF(V16=0,"",AA30) -> 0.80116281 | Y16: 2006 | Z16: 36 | AA16: 0.72490495 | AB16: =+AB15 -> 0.72934569
Q17: =+Y15 -> 2005 | R17: =+Z15 -> 36 | S17: =IF(R17=0,"",AA15) -> 0.71203126 | U17: =1+U16 -> 2021 | V17: =+Z31 -> 64 | W17: =IF(V17=0,"",AA31) -> 0.79352137 | Y17: 2007 | Z17: 32 | AA17: 0.80005508 | AB17: =+AB16 -> 0.72934569
Q18: =+Y16 -> 2006 | R18: =+Z16 -> 36 | S18: =IF(R18=0,"",AA16) -> 0.72490495 | U18: =1+U17 -> 2022 | V18: =+Z32 -> 57 | W18: =IF(V18=0,"",AA32) -> 0.86025224 | Y18: 2008 | Z18: 60 | AA18: 0.79896292 | AB18: =+AB17 -> 0.72934569
... Q20: =+Y18 -> 2008 | R20: =+Z18 -> 60 | S20: =IF(R20=0,"",AA18) -> 0.79896292 | U20: =1+U19 -> 2024 | V20: =+Z34 -> 30 | W20: =IF(V20=0,"",AA34) -> 0.79757452 | Y20: 2010 | Z20: 83 | AA20: 0.77642992 | AB20: =+AB19 -> 0.72934569
Q21: =+Y19 -> 2009 | R21: =+Z19 -> 69 | S21: =IF(R21=0,"",AA19) -> 0.71629177 | U21: Total | V21: =+$Z$1 -> 1801 | W21: 0.72934569 | Y21: 2011 | Z21: 73 | AA21: 0.78730317 | AB21: =+AB20 -> 0.72934569
Y22: 2012 | Z22: 58 | AA22: 0.73583452 | AB22: =+AB21 -> 0.72934569
R23: =SUM(R6:R22) -> 682 | V23: =SUM(V6:V20) -> 1119 | Y23: 2013 | Z23: 54 | AA23: 0.64062508 | AB23: =+AB22 -> 0.72934569
V24: =R23+V23 -> 1801 | Y24: 2014 | Z24: 85 | AA24: 0.64392746 | AB24: =+AB23 -> 0.72934569
Y25: 2015 | Z25: 97 | AA25: 0.70944317 | AB25: =+AB24 -> 0.72934569
Y26: 2016 | Z26: 129 | AA26: 0.6070832 | AB26: =+AB25 -> 0.72934569
A27: Table 17: Recovery rates by year of default | Y27: 2017 | Z27: 75 | AA27: 0.77818471 | AB27: =+AB26 -> 0.72934569
Y28: 2018 | Z28: 66 | AA28: 0.61791099 | AB28: =+AB27 -> 0.72934569
Y29: 2019 | Z29: 84 | AA29: 0.70717151 | AB29: =+AB28 -> 0.72934569
Y30: 2020 | Z30: 119 | AA30: 0.80116281 | AB30: =+AB29 -> 0.72934569
Y31: 2021 | Z31: 64 | AA31: 0.79352137 | AB31: =+AB30 -> 0.72934569
Y32: 2022 | Z32: 57 | AA32: 0.86025224 | AB32: =+AB31 -> 0.72934569
Y33: 2023 | Z33: 45 | AA33: 0.78655865 | AB33: =+AB32 -> 0.72934569
Y34: 2024 | Z34: 30 | AA34: 0.79757452 | AB34: =+AB33 -> 0.72934569

Sheet RR_Dist
B2: Figure 5: Distribution of recovery rates
C29: Table 33: Distribution of recovery rates
D31: Recovery rate | E31: From | F31: 0 | G31: =F32 -> 0.1 | H31: =G32 -> 0.2 | I31: =H32 -> 0.3 | J31: =I32 -> 0.4 | K31: =J32 -> 0.5 | L31: =K32 -> 0.6 | M31: =L32 -> 0.7 | N31: =M32 -> 0.8 | O31: =N32 -> 0.9 | P31: Total
E32: To | F32: 0.1 | G32: =G31+$F$32 -> 0.2 | H32: =H31+$F$32 -> 0.3 | I32: =I31+$F$32 -> 0.4 | J32: =J31+$F$32 -> 0.5 | K32: =K31+$F$32 -> 0.6 | L32: =L31+$F$32 -> 0.7 | M32: =M31+$F$32 -> 0.8 | N32: =N31+$F$32 -> 0.9 | O32: =O31+$F$32 -> 1
D33: Defaulted contracts | F33: =+G37 -> 173 | G33: =+H37 -> 64 | H33: =+I37 -> 78 | I33: =+J37 -> 60 | J33: =+K37 -> 70 | K33: =+L37 -> 74 | L33: =+M37 -> 82 | M33: =+N37 -> 103 | ... O33: =+P37 -> 931 | P33: =SUM(F33:O33) -> 1801
D34: % of total | F34: =F33/$P$33 -> 0.096057746 | G34: =G33/$P$33 -> 0.035535813 | H34: =H33/$P$33 -> 0.043309273 | I34: =I33/$P$33 -> 0.033314825 | J34: =J33/$P$33 -> 0.038867296 | K34: =K33/$P$33 -> 0.041088284 | L34: =L33/$P$33 -> 0.045530261 | M34: =M33/$P$33 -> 0.05719045 | ... P34: =P33/$P$33 -> 1
D36: Submission_Year | E36: cod_category_ctp | F36: CountOfid_contract | G36: 0_1 | H36: 0_2 | I36: 0_3 | J36: 0_4 | K36: 0_5 | L36: 0_6 | M36: 0_7 | N36: 0_8 | O36: 0_9 | P36: 1
D37: 2024 | E37: Private | F37: 1801 | G37: 173 | H37: 64 | I37: 78 | J37: 60 | K37: 70 | L37: 74 | M37: 82 | N37: 103 | O37: 166 | P37: 931
H39: ="below "&TEXT(F32,"0%") -> below 10% | I39: 10-20% | J39: 20-30% | K39: 30-40% | L39: 40-50% | M39: 50-60% | N39: 60-70% | O39: 70-80% | P39: 80-90% | Q39: 90-100%

Sheet RR_TtR
B2: Figure 6: Time to resolution
Q29: Table 34: Time to resolution
S31: Resolution of default during year | AM31: Total
S32: 1 | T32: =1+S32 -> 2 | U32: =1+T32 -> 3 | V32: =1+U32 -> 4 | W32: =1+V32 -> 5 | X32: =1+W32 -> 6 | Y32: =1+X32 -> 7 | Z32: =1+Y32 -> 8 | AA32: =1+Z32 -> 9 | ... AK32: =1+AJ32 -> 19 | AL32: >=20
O33: Annual resolutions (left y-axis) | Q33: Resolutions | S33: =S39 -> 472 | T33: =T39 -> 267 | U33: =U39 -> 244 | V33: =V39 -> 235 | W33: =W39 -> 144 | X33: =X39 -> 91 | Y33: =Y39 -> 66 | Z33: =Z39 -> 50 | ... AK33: =AK39 -> 8 | AL33: =AM33-SUM(S33:AK33) -> 30 | AM33: =+R39 -> 1801
O34: Cumulative % resolved (right y-axis) | Q34: % resolved | S34: =SUM($S33:S33)/$AM$33 -> 0.26207662 | T34: =SUM($S33:T33)/$AM$33 -> 0.4103276 | U34: =SUM($S33:U33)/$AM$33 -> 0.54580788 | V34: =SUM($S33:V33)/$AM$33 -> 0.67629095 | W34: =SUM($S33:W33)/$AM$33 -> 0.75624653 | X34: =SUM($S33:X33)/$AM$33 -> 0.80677401 | Y34: =SUM($S33:Y33)/$AM$33 -> 0.84342032 | Z34: =SUM($S33:Z33)/$AM$33 -> 0.87118268 | ... AL34: =SUM($S33:AL33)/$AM$33 -> 1
S38: 1 | T38: 2 | U38: 3 | V38: 4 | W38: 5 | X38: 6 | Y38: 7 | Z38: 8 | AA38: 9 | AB38: 10 | AC38: 11 | AD38: 12 | AE38: 13 | AF38: 14 | AG38: 15 | AH38: 16 | AI38: 17 | AJ38: 18 | AK38: 19 | AL38: 20 | AM38: 21 | AN38: 22 | AO38: 23 | AP38: 24 | AQ38: 25 | AR38: 26 | AS38: 27 | AT38: 28 | AU38: 29 | AV38: 30 | AW38: 31 | AX38: 32 | AY38: 33 | AZ38: 34 | BA38: 35 | BB38: 36 | BC38: 37 | BD38: 38 | BE38: 39 | BF38: 40
R39: =C43 -> 1801 | S39: =IFERROR(HLOOKUP(S$38,$Q$42:$BF$43,2,FALSE),0) -> 472 | T39: =IFERROR(HLOOKUP(T$38,$Q$42:$BF$43,2,FALSE),0) -> 267 | U39: =IFERROR(HLOOKUP(U$38,$Q$42:$BF$43,2,FALSE),0) -> 244 | V39: =IFERROR(HLOOKUP(V$38,$Q$42:$BF$43,2,FALSE),0) -> 235 | W39: =IFERROR(HLOOKUP(W$38,$Q$42:$BF$43,2,FALSE),0) -> 144 | X39: =IFERROR(HLOOKUP(X$38,$Q$42:$BF$43,2,FALSE),0) -> 91 | Y39: =IFERROR(HLOOKUP(Y$38,$Q$42:$BF$43,2,FALSE),0) -> 66 | Z39: =IFERROR(HLOOKUP(Z$38,$Q$42:$BF$43,2,FALSE),0) -> 50 | ... BF39: =IFERROR(HLOOKUP(BF$38,$Q$42:$BF$43,2,FALSE),0) -> 0
A42: year_submission | B42: cod_category_ctp | C42: CountOfid_contract1 | Q42: 1 | R42: 2 | S42: 3 | T42: 4 | U42: 5 | V42: 6 | W42: 7 | X42: 8 | Y42: 9 | Z42: 10 | AA42: 11 | AB42: 12 | AC42: 13 | AD42: 14 | AE42: 15 | AF42: 16 | AG42: 17 | AH42: 18 | AI42: 19 | AJ42: 20 | AK42: 0 | AL42: 0 | AM42: 0 | AN42: 0 | AO42: 0 | AP42: 0 | AQ42: 0 | AR42: 0 | AS42: 0 | AT42: 0 | AU42: 0 | AV42: 0 | AW42: 0 | AX42: 0 | AY42: 0 | AZ42: 0 | BA42: 0 | BB42: 0 | BC42: 0 | BD42: 0 | BE42: 0 | BF42: 0
A43: 2024 | B43: Private | C43: 1801 | Q43: 472 | R43: 267 | S43: 244 | T43: 235 | U43: 144 | V43: 91 | W43: 66 | X43: 50 | Y43: 60 | Z43: 33 | AA43: 26 | AB43: 22 | AC43: 19 | AD43: 10 | AE43: 8 | AF43: 6 | AG43: 5 | AH43: 5 | AI43: 8 | AJ43: 30 | AK43: 0 | AL43: 0 | AM43: 0 | AN43: 0 | AO43: 0 | AP43: 0 | AQ43: 0 | AR43: 0 | AS43: 0 | AT43: 0 | AU43: 0 | AV43: 0 | AW43: 0 | AX43: 0 | AY43: 0 | AZ43: 0 | BA43: 0 | BB43: 0 | BC43: 0 | BD43: 0 | BE43: 0 | BF43: 0
Q44: =Q33 -> Resolutions
Q45: =Q34 -> % resolved

Sheet CTP_Info
B3: Table 3: Dataset composition
B5: Item | C5: Count
B6: Counterparts | C6: 10476
B7: Contracts | C7: 15507
B8: Countries | C8: 158
B9: Defaulted counterparts | C9: =+DR!E5 -> 2101
B10: Defaulted Contracts | C10: 2401
B11: Contracts for recovery rates | C11: =+RR!C5 -> 1801
B13: Figure 7: Active counterparts for observation period

Sheet DR_TtD_GICS
F2: Table 6: Time to default – GICS sectors
F4: GICS sector | G4: Number of defaults
G5: Total | H5: Time of default (years after signature)
H6: 0 | I6: 1 | J6: 2 | K6: 3 | L6: 4 | M6: 5 | N6: 6 | O6: 7 | P6: 8 | Q6: 9 | R6: 10 | S6: 11 | T6: 12 | U6: 13 | V6: 14 | W6: 15 | X6: 16 | Y6: 17 | Z6: 18 | AA6: 19 | AB6: >=20
F7: Administration
F8: Communication services | G8: 61 | H8: 2 | I8: 15 | J8: 10 | K8: 13 | L8: 6 | M8: 4 | N8: 4 | O8: 3 | P8: 2 | Q8: 0 | R8: 0 | S8: 0 | T8: 2 | U8: 0 | V8: 0 | W8: 0 | X8: 0 | Y8: 0 | Z8: 0 | AA8: 0 | AB8: 0
F9: Consumer discretionary | G9: 247 | H9: 10 | I9: 35 | J9: 56 | K9: 33 | L9: 30 | M9: 23 | N9: 23 | O9: 8 | P9: 14 | Q9: 7 | R9: 2 | S9: 3 | T9: 1 | U9: 0 | V9: 1 | W9: 0 | X9: 0 | Y9: 1 | Z9: 0 | AA9: 0 | AB9: 0
F10: Consumer staples | G10: 385 | H10: 24 | I10: 67 | J10: 81 | K10: 81 | L10: 46 | M10: 39 | N10: 19 | O10: 8 | P10: 6 | Q10: 2 | R10: 6 | S10: 2 | T10: 0 | U10: 1 | V10: 0 | W10: 2 | X10: 1 | Y10: 0 | Z10: 0 | AA10: 0 | AB10: 0
F11: Energy | G11: 47 | H11: 1 | I11: 9 | J11: 12 | K11: 8 | L11: 4 | M11: 5 | N11: 4 | O11: 1 | P11: 0 | Q11: 0 | R11: 1 | S11: 0 | T11: 0 | U11: 2 | V11: 0 | W11: 0 | X11: 0 | Y11: 0 | Z11: 0 | AA11: 0 | AB11: 0
F12: Financials | G12: 552 | H12: 67 | I12: 98 | J12: 104 | K12: 102 | L12: 60 | M12: 37 | N12: 29 | O12: 15 | P12: 21 | Q12: 5 | R12: 2 | S12: 2 | T12: 4 | U12: 3 | V12: 2 | W12: 1 | X12: 0 | Y12: 0 | Z12: 0 | AA12: 0 | AB12: 0
F13: Health care | G13: 75 | H13: 1 | I13: 11 | J13: 16 | K13: 16 | L13: 13 | M13: 4 | N13: 4 | O13: 4 | P13: 2 | Q13: 0 | R13: 3 | S13: 1 | T13: 0 | U13: 0 | V13: 0 | W13: 0 | X13: 0 | Y13: 0 | Z13: 0 | AA13: 0 | AB13: 0
F14: Industrials | G14: 170 | H14: 11 | I14: 25 | J14: 33 | K14: 34 | L14: 22 | M14: 11 | N14: 14 | O14: 6 | P14: 4 | Q14: 3 | R14: 1 | S14: 1 | T14: 1 | U14: 2 | V14: 1 | W14: 0 | X14: 1 | Y14: 0 | Z14: 0 | AA14: 0 | AB14: 0
F15: Information technology
F16: Materials | G16: 240 | H16: 12 | I16: 31 | J16: 52 | K16: 35 | L16: 20 | M16: 20 | N16: 18 | O16: 16 | P16: 15 | Q16: 6 | R16: 7 | S16: 2 | T16: 2 | U16: 0 | V16: 3 | W16: 0 | X16: 1 | Y16: 0 | Z16: 0 | AA16: 0 | AB16: 0
F17: Real estate | G17: 40 | H17: 0 | I17: 6 | J17: 10 | K17: 8 | L17: 6 | M17: 4 | N17: 3 | O17: 1 | P17: 1 | Q17: 1 | R17: 0 | S17: 0 | T17: 0 | U17: 0 | V17: 0 | W17: 0 | X17: 0 | Y17: 0 | Z17: 0 | AA17: 0 | AB17: 0
F18: Utilities | G18: 303 | H18: 21 | I18: 39 | J18: 63 | K18: 54 | L18: 37 | M18: 22 | N18: 20 | O18: 9 | P18: 12 | Q18: 8 | R18: 7 | S18: 2 | T18: 7 | U18: 1 | V18: 0 | W18: 1 | X18: 0 | Y18: 0 | Z18: 0 | AA18: 0 | AB18: 0
F19: Others | G19: 270 | H19: 12 | I19: 33 | J19: 41 | K19: 32 | L19: 28 | M19: 23 | N19: 23 | O19: 18 | P19: 14 | Q19: 15 | R19: 4 | S19: 7 | T19: 5 | U19: 6 | V19: 2 | W19: 1 | X19: 3 | Y19: 0 | Z19: 0 | AA19: 0 | AB19: 3
F20: All sectors | G20: 2401 | H20: 162 | I20: 371 | J20: 479 | K20: 419 | L20: 273 | M20: 193 | N20: 161 | O20: 89 | P20: 92 | Q20: 48 | R20: 33 | S20: 20 | T20: 22 | U20: 15 | V20: 9 | W20: 5 | X20: 6 | Y20: 1 | Z20: 0 | AA20: 0 | AB20: 3
F22: GICS sector | G22: Total defaults | H22: Percentage of total defaults (cumulative)
H23: Time of default (years after signature)
H24: 0 | I24: 1 | J24: 2 | K24: 3 | L24: 4 | M24: 5 | N24: 6 | O24: 7 | P24: 8 | Q24: 9 | R24: 10 | S24: 11 | T24: 12 | U24: 13 | V24: 14 | W24: 15 | X24: 16 | Y24: 17 | Z24: 18 | AA24: 19 | AB24: >=20
F25: Administration
F26: Communication services | G26: 61 | H26: 0.032786885 | I26: 0.27868852 | J26: 0.44262295 | K26: 0.6557377 | L26: 0.75409836 | M26: 0.81967213 | N26: 0.8852459 | O26: 0.93442623 | P26: 0.96721311 | Q26: 0.96721311 | R26: 0.96721311 | S26: 0.96721311 | T26: 1 | U26: 1 | V26: 1 | W26: 1 | X26: 1 | Y26: 1 | Z26: 1 | AA26: 1 | AB26: 1
F27: Consumer discretionary | G27: 247 | H27: 0.04048583 | I27: 0.18218623 | J27: 0.40890688 | K27: 0.54251012 | L27: 0.66396761 | M27: 0.75708502 | N27: 0.85020243 | O27: 0.88259109 | P27: 0.93927126 | Q27: 0.96761134 | R27: 0.9757085 | S27: 0.98785425 | T27: 0.99190283 | U27: 0.99190283 | V27: 0.99595142 | W27: 0.99595142 | X27: 0.99595142 | Y27: 1 | Z27: 1 | AA27: 1 | AB27: 1
F28: Consumer staples | G28: 385 | H28: 0.062337662 | I28: 0.23636364 | J28: 0.44675325 | K28: 0.65714286 | L28: 0.77662338 | M28: 0.87792208 | N28: 0.92727273 | O28: 0.94805195 | P28: 0.96363636 | Q28: 0.96883117 | R28: 0.98441558 | S28: 0.98961039 | T28: 0.98961039 | U28: 0.99220779 | V28: 0.99220779 | W28: 0.9974026 | X28: 1 | Y28: 1 | Z28: 1 | AA28: 1 | AB28: 1
F29: Energy | G29: 47 | H29: 0.021276596 | I29: 0.21276596 | J29: 0.46808511 | K29: 0.63829787 | L29: 0.72340426 | M29: 0.82978723 | N29: 0.91489362 | O29: 0.93617021 | P29: 0.93617021 | Q29: 0.93617021 | R29: 0.95744681 | S29: 0.95744681 | T29: 0.95744681 | U29: 1 | V29: 1 | W29: 1 | X29: 1 | Y29: 1 | Z29: 1 | AA29: 1 | AB29: 1
F30: Financials | G30: 552 | H30: 0.12137681 | I30: 0.29891304 | J30: 0.48731884 | K30: 0.67210145 | L30: 0.7807971 | M30: 0.84782609 | N30: 0.90036232 | O30: 0.92753623 | P30: 0.96557971 | Q30: 0.97463768 | R30: 0.97826087 | S30: 0.98188406 | T30: 0.98913043 | U30: 0.99456522 | V30: 0.99818841 | W30: 1 | X30: 1 | Y30: 1 | Z30: 1 | AA30: 1 | AB30: 1
F31: Health care | G31: 75 | H31: 0.013333333 | I31: 0.16 | J31: 0.37333333 | K31: 0.58666667 | L31: 0.76 | M31: 0.81333333 | N31: 0.86666667 | O31: 0.92 | P31: 0.94666667 | Q31: 0.94666667 | R31: 0.98666667 | S31: 1 | T31: 1 | U31: 1 | V31: 1 | W31: 1 | X31: 1 | Y31: 1 | Z31: 1 | AA31: 1 | AB31: 1
F32: Industrials | G32: 170 | H32: 0.064705882 | I32: 0.21176471 | J32: 0.40588235 | K32: 0.60588235 | L32: 0.73529412 | M32: 0.8 | N32: 0.88235294 | O32: 0.91764706 | P32: 0.94117647 | Q32: 0.95882353 | R32: 0.96470588 | S32: 0.97058824 | T32: 0.97647059 | U32: 0.98823529 | V32: 0.99411765 | W32: 0.99411765 | X32: 1 | Y32: 1 | Z32: 1 | AA32: 1 | AB32: 1
F33: Information technology
F34: Materials | G34: 240 | H34: 0.05 | I34: 0.17916667 | J34: 0.39583333 | K34: 0.54166667 | L34: 0.625 | M34: 0.70833333 | N34: 0.78333333 | O34: 0.85 | P34: 0.9125 | Q34: 0.9375 | R34: 0.96666667 | S34: 0.975 | T34: 0.98333333 | U34: 0.98333333 | V34: 0.99583333 | W34: 0.99583333 | X34: 1 | Y34: 1 | Z34: 1 | AA34: 1 | AB34: 1
F35: Real estate | G35: 40 | H35: 0 | I35: 0.15 | J35: 0.4 | K35: 0.6 | L35: 0.75 | M35: 0.85 | N35: 0.925 | O35: 0.95 | P35: 0.975 | Q35: 1 | R35: 1 | S35: 1 | T35: 1 | U35: 1 | V35: 1 | W35: 1 | X35: 1 | Y35: 1 | Z35: 1 | AA35: 1 | AB35: 1
F36: Utilities | G36: 303 | H36: 0.069306931 | I36: 0.1980198 | J36: 0.40594059 | K36: 0.58415842 | L36: 0.70627063 | M36: 0.77887789 | N36: 0.84488449 | O36: 0.87458746 | P36: 0.91419142 | Q36: 0.94059406 | R36: 0.96369637 | S36: 0.97029703 | T36: 0.99339934 | U36: 0.99669967 | V36: 0.99669967 | W36: 1 | X36: 1 | Y36: 1 | Z36: 1 | AA36: 1 | AB36: 1
F37: Others | G37: 270 | H37: 0.044444444 | I37: 0.16666667 | J37: 0.31851852 | K37: 0.43703704 | L37: 0.54074074 | M37: 0.62592593 | N37: 0.71111111 | O37: 0.77777778 | P37: 0.82962963 | Q37: 0.88518519 | R37: 0.9 | S37: 0.92592593 | T37: 0.94444444 | U37: 0.96666667 | V37: 0.97407407 | W37: 0.97777778 | X37: 0.98888889 | Y37: 0.98888889 | Z37: 0.98888889 | AA37: 0.98888889 | AB37: 1
F38: All sectors | G38: 2401 | H38: 0.067471887 | I38: 0.22199084 | J38: 0.42149105 | K38: 0.59600167 | L38: 0.70970429 | M38: 0.79008746 | N38: 0.85714286 | O38: 0.89421075 | P38: 0.93252811 | Q38: 0.95251978 | R38: 0.96626406 | S38: 0.97459392 | T38: 0.98375677 | U38: 0.99000416 | V38: 0.9937526 | W38: 0.99583507 | X38: 0.99833403 | Y38: 0.99875052 | Z38: 0.99875052 | AA38: 0.99875052 | AB38: 1
B66: 5850

Sheet DR_TtD_Reg
F2: Table 5: Time to default – regions
F4: Region | G4: Number of defaults
G5: Total | H5: Time of default (years after signature)
H6: 0 | I6: 1 | J6: 2 | K6: 3 | L6: 4 | M6: 5 | N6: 6 | O6: 7 | P6: 8 | Q6: 9 | R6: 10 | S6: 11 | T6: 12 | U6: 13 | V6: 14 | W6: 15 | X6: 16 | Y6: 17 | Z6: 18 | AA6: 19 | AB6: >=20
F7: East Asia & Pacific | G7: 189 | H7: 6 | I7: 34 | J7: 50 | K7: 29 | L7: 22 | M7: 18 | N7: 18 | O7: 5 | P7: 5 | Q7: 1 | R7: 1 | S7: 0 | T7: 0 | U7: 0 | V7: 0 | W7: 0 | X7: 0 | Y7: 0 | Z7: 0 | AA7: 0 | AB7: 0
F8: Europe & Central Asia | G8: 657 | H8: 41 | I8: 124 | J8: 150 | K8: 136 | L8: 76 | M8: 59 | N8: 24 | O8: 15 | P8: 15 | Q8: 9 | R8: 2 | S8: 0 | T8: 2 | U8: 1 | V8: 1 | W8: 1 | X8: 1 | Y8: 0 | Z8: 0 | AA8: 0 | AB8: 0
F9: Latin America & Caribbean | G9: 400 | H9: 19 | I9: 57 | J9: 72 | K9: 67 | L9: 52 | M9: 30 | N9: 29 | O9: 20 | P9: 20 | Q9: 10 | R9: 7 | S9: 5 | T9: 4 | U9: 2 | V9: 1 | W9: 1 | X9: 2 | Y9: 0 | Z9: 1 | AA9: 1 | AB9: 0
F10: Middle East & North Africa | G10: 175 | H10: 5 | I10: 17 | J10: 27 | K10: 29 | L10: 14 | M10: 15 | N10: 9 | O10: 16 | P10: 11 | Q10: 1 | R10: 3 | S10: 5 | T10: 7 | U10: 9 | V10: 3 | W10: 1 | X10: 1 | Y10: 1 | Z10: 1 | AA10: 0 | AB10: 0
F11: South Asia | G11: 153 | H11: 8 | I11: 18 | J11: 27 | K11: 19 | L11: 22 | M11: 18 | N11: 13 | O11: 10 | P11: 4 | Q11: 5 | R11: 3 | S11: 3 | T11: 2 | U11: 1 | V11: 0 | W11: 0 | X11: 0 | Y11: 0 | Z11: 0 | AA11: 0 | AB11: 0
F12: Sub-Saharan Africa | G12: 780 | H12: 78 | I12: 113 | J12: 141 | K12: 130 | L12: 82 | M12: 52 | N12: 66 | O12: 20 | P12: 36 | Q12: 22 | R12: 16 | S12: 7 | T12: 7 | U12: 2 | V12: 4 | W12: 2 | X12: 2 | Y12: 0 | Z12: 0 | AA12: 0 | AB12: 0
F13: Other | G13: 47 | H13: 5 | I13: 8 | J13: 12 | K13: 9 | L13: 5 | M13: 1 | N13: 2 | O13: 3 | P13: 1 | Q13: 0 | R13: 1 | S13: 0 | T13: 0 | U13: 0 | V13: 0 | W13: 0 | X13: 0 | Y13: 0 | Z13: 0 | AA13: 0 | AB13: 0
F14: All regions | G14: 2401 | H14: 162 | I14: 371 | J14: 479 | K14: 419 | L14: 273 | M14: 193 | N14: 161 | O14: 89 | P14: 92 | Q14: 48 | R14: 33 | S14: 20 | T14: 22 | U14: 15 | V14: 9 | W14: 5 | X14: 6 | Y14: 1 | Z14: 0 | AA14: 0 | AB14: 3
F16: Region | G16: Total defaults | H16: Percentage of total defaults (cumulative)
H17: Time of default (years after signature)
H18: 0 | I18: 1 | J18: 2 | K18: 3 | L18: 4 | M18: 5 | N18: 6 | O18: 7 | P18: 8 | Q18: 9 | R18: 10 | S18: 11 | T18: 12 | U18: 13 | V18: 14 | W18: 15 | X18: 16 | Y18: 17 | Z18: 18 | AA18: 19 | AB18: >=20
F19: East Asia & Pacific | G19: 189 | H19: 0.031746032 | I19: 0.21164021 | J19: 0.47619048 | K19: 0.62962963 | L19: 0.74603175 | M19: 0.84126984 | N19: 0.93650794 | O19: 0.96296296 | P19: 0.98941799 | Q19: 0.99470899 | R19: 1 | S19: 1 | T19: 1 | U19: 1 | V19: 1 | W19: 1 | X19: 1 | Y19: 1 | Z19: 1 | AA19: 1 | AB19: 1
F20: Europe & Central Asia | G20: 657 | H20: 0.062404871 | I20: 0.25114155 | J20: 0.47945205 | K20: 0.68645358 | L20: 0.8021309 | M20: 0.89193303 | N20: 0.92846271 | O20: 0.95129376 | P20: 0.97412481 | Q20: 0.98782344 | R20: 0.99086758 | S20: 0.99086758 | T20: 0.99391172 | U20: 0.99543379 | V20: 0.99695586 | W20: 0.99847793 | X20: 1 | Y20: 1 | Z20: 1 | AA20: 1 | AB20: 1
F21: Latin America & Caribbean | G21: 400 | H21: 0.0475 | I21: 0.19 | J21: 0.37 | K21: 0.5375 | L21: 0.6675 | M21: 0.7425 | N21: 0.815 | O21: 0.865 | P21: 0.915 | Q21: 0.94 | R21: 0.9575 | S21: 0.97 | T21: 0.98 | U21: 0.985 | V21: 0.9875 | W21: 0.99 | X21: 0.995 | Y21: 0.995 | Z21: 0.9975 | AA21: 1 | AB21: 1
F22: Middle East & North Africa | G22: 175 | H22: 0.028571429 | I22: 0.12571429 | J22: 0.28 | K22: 0.44571429 | L22: 0.52571429 | M22: 0.61142857 | N22: 0.66285714 | O22: 0.75428571 | P22: 0.81714286 | Q22: 0.82285714 | R22: 0.84 | S22: 0.86857143 | T22: 0.90857143 | U22: 0.96 | V22: 0.97714286 | W22: 0.98285714 | X22: 0.98857143 | Y22: 0.99428571 | Z22: 1 | AA22: 1 | AB22: 1
F23: South Asia | G23: 153 | H23: 0.052287582 | I23: 0.16993464 | J23: 0.34640523 | K23: 0.47058824 | L23: 0.61437908 | M23: 0.73202614 | N23: 0.81699346 | O23: 0.88235294 | P23: 0.90849673 | Q23: 0.94117647 | R23: 0.96078431 | S23: 0.98039216 | T23: 0.99346405 | U23: 1 | V23: 1 | W23: 1 | X23: 1 | Y23: 1 | Z23: 1 | AA23: 1 | AB23: 1
F24: Sub-Saharan Africa | G24: 780 | H24: 0.1 | I24: 0.24487179 | J24: 0.42564103 | K24: 0.59230769 | L24: 0.6974359 | M24: 0.76410256 | N24: 0.84871795 | O24: 0.87435897 | P24: 0.92051282 | Q24: 0.94871795 | R24: 0.96923077 | S24: 0.97820513 | T24: 0.98717949 | U24: 0.98974359 | V24: 0.99487179 | W24: 0.9974359 | X24: 1 | Y24: 1 | Z24: 1 | AA24: 1 | AB24: 1
F25: Other | G25: 47 | H25: 0.10638298 | I25: 0.27659574 | J25: 0.53191489 | K25: 0.72340426 | L25: 0.82978723 | M25: 0.85106383 | N25: 0.89361702 | O25: 0.95744681 | P25: 0.9787234 | Q25: 0.9787234 | R25: 1 | S25: 1 | T25: 1 | U25: 1 | V25: 1 | W25: 1 | X25: 1 | Y25: 1 | Z25: 1 | AA25: 1 | AB25: 1
F26: All regions | G26: 2401 | H26: 0.067471887 | I26: 0.22199084 | J26: 0.42149105 | K26: 0.59600167 | L26: 0.70970429 | M26: 0.79008746 | N26: 0.85714286 | O26: 0.89421075 | P26: 0.93252811 | Q26: 0.95251978 | R26: 0.96626406 | S26: 0.97459392 | T26: 0.98375677 | U26: 0.99000416 | V26: 0.9937526 | W26: 0.99583507 | X26: 0.99833403 | Y26: 0.99875052 | Z26: 0.99875052 | AA26: 0.99875052 | AB26: 1

Sheet DR_TtD_SecGrp
E1: Infrastructure + Renewables | F1: =SUM(F12,F10) -> 614 | G1: =SUM(G12,G10) -> 33 | H1: =SUM(H12,H10) -> 87 | I1: =SUM(I12,I10) -> 134 | J1: =SUM(J12,J10) -> 117 | K1: =SUM(K12,K10) -> 81 | L1: =SUM(L12,L10) -> 52 | M1: =SUM(M12,M10) -> 46 | ... AA1: =SUM(AA12,AA10) -> 0 | AD1: Infrastructure + Renewables | AP1: Total | AQ1: High Income | AR1: EMDE
E2: Table 7: Time to default – sector groupings | G2: =G1/$F1 -> 0.053745928 | H2: =H1/$F1+G2 -> 0.19543974 | I2: =I1/$F1+H2 -> 0.41368078 | J2: =J1/$F1+I2 -> 0.60423453 | K2: =K1/$F1+J2 -> 0.73615635 | L2: =L1/$F1+K2 -> 0.82084691 | M2: =M1/$F1+L2 -> 0.89576547 | N2: =N1/$F1+M2 -> 0.9218241 | O2: =O1/$F1+N2 -> 0.95276873 | ... AA2: =AA1/$F1+Z2 -> 1 | AD2: Median equivalent | AE2: =$I$6*(50%-I2)/(J2-I2)+$J$6*(J2-50%)/(J2-I2) -> 2.5470085
AD3: Average default rte | AE3: =DR_SecGrp_Year!G2 -> 0.034220779 | AP3: =DR_Inc!$M$13 -> 0.031291857 | AQ3: =DR_Inc!I8 -> 0.018888585 | AR3: =DR_Inc!I14 -> 0.033850067
E4: Sector groupings | F4: Number of defaults | AD4: Cumul. default density | AE4: =G2/$Q2 -> 0.054455446 | AF4: =H2/$Q2 -> 0.1980198 | AG4: =I2/$Q2 -> 0.41914191 | AH4: =J2/$Q2 -> 0.61221122 | AI4: =K2/$Q2 -> 0.74587459 | AJ4: =L2/$Q2 -> 0.83168317 | AK4: =M2/$Q2 -> 0.90759076 | AL4: =N2/$Q2 -> 0.9339934 | ... AN4: =P2/$Q2 -> 0.99339934
F5: Total | G5: Time of default (years after signature) | AD5: Estimated default term structure | AE5: 1 | AF5: 2 | AG5: 3 | AH5: 4 | AI5: 5 | AJ5: 6 | AK5: 7 | AL5: 8 | AM5: 9 | AN5: 10
G6: 0 | H6: 1 | I6: 2 | J6: 3 | K6: 4 | L6: 5 | M6: 6 | N6: 7 | O6: 8 | P6: 9 | Q6: 10 | R6: 11 | S6: 12 | T6: 13 | U6: 14 | V6: 15 | W6: 16 | X6: 17 | Y6: 18 | Z6: 19 | AA6: >=20 | AE6: =$AE3*(1+(AE4-50%)) -> 0.018973897 | AF6: =$AE3*(1+(AF4-50%)) -> 0.023886782 | AG6: =$AE3*(1+(AG4-50%)) -> 0.031453753 | AH6: =$AE3*(1+(AH4-50%)) -> 0.038060735 | AI6: =$AE3*(1+(AI4-50%)) -> 0.042634799 | AJ6: =$AE3*(1+(AJ4-50%)) -> 0.045571236 | AK6: =$AE3*(1+(AK4-50%)) -> 0.048168853 | AL6: =$AE3*(1+(AL4-50%)) -> 0.049072372 | ... AN6: =$AE3*(1+(AN4-50%)) -> 0.051105289
E7: Financial institutions | F7: 552 | G7: 67 | H7: 98 | I7: 104 | J7: 102 | K7: 60 | L7: 37 | M7: 29 | N7: 15 | O7: 21 | P7: 5 | Q7: 2 | R7: 2 | S7: 4 | T7: 3 | U7: 2 | V7: 1 | W7: 0 | X7: 0 | Y7: 0 | Z7: 0 | AA7: 0 | AD7: High income | AE7: =$AQ$3/$AP$3*AE6 -> 0.011453142 | AF7: =$AQ$3/$AP$3*AF6 -> 0.014418687 | AG7: =$AQ$3/$AP$3*AG6 -> 0.018986309 | AH7: =$AQ$3/$AP$3*AH6 -> 0.022974457 | AI7: =$AQ$3/$AP$3*AI6 -> 0.025735482 | AJ7: =$AQ$3/$AP$3*AJ6 -> 0.027507992 | AK7: =$AQ$3/$AP$3*AK6 -> 0.029075981 | AL7: =$AQ$3/$AP$3*AL6 -> 0.029621369 | ... AN7: =$AQ$3/$AP$3*AN6 -> 0.030848491
E8: Non-financial institutions | F8: 1849 | G8: 95 | H8: 273 | I8: 375 | J8: 317 | K8: 213 | L8: 156 | M8: 132 | N8: 74 | O8: 71 | P8: 43 | Q8: 31 | R8: 18 | S8: 18 | T8: 12 | U8: 7 | V8: 4 | W8: 6 | X8: 1 | Y8: 0 | Z8: 0 | AA8: 3 | AD8: EMDE | AE8: =$AR$3/$AP$3*AE6 -> 0.020525075 | AF8: =$AR$3/$AP$3*AF6 -> 0.025839603 | AG8: =$AR$3/$AP$3*AG6 -> 0.034025198 | AH8: =$AR$3/$AP$3*AH6 -> 0.041172322 | AI8: =$AR$3/$AP$3*AI6 -> 0.046120331 | AJ8: =$AR$3/$AP$3*AJ6 -> 0.049296831 | AK8: =$AR$3/$AP$3*AK6 -> 0.052106812 | AL8: =$AR$3/$AP$3*AL6 -> 0.053084196 | ... AN8: =$AR$3/$AP$3*AN6 -> 0.055283311
E9: Banking | F9: 398 | G9: 59 | H9: 68 | I9: 69 | J9: 76 | K9: 41 | L9: 26 | M9: 23 | N9: 11 | O9: 15 | P9: 3 | Q9: 1 | R9: 0 | S9: 3 | T9: 2 | U9: 1 | V9: 0 | W9: 0 | X9: 0 | Y9: 0 | Z9: 0 | AA9: 0
E10: Infrastructure | F10: 429 | G10: 22 | H10: 62 | I10: 91 | J10: 83 | K10: 55 | L10: 36 | M10: 34 | N10: 13 | O10: 13 | P10: 10 | Q10: 3 | R10: 1 | S10: 4 | T10: 2 | U10: 0 | V10: 0 | W10: 0 | X10: 0 | Y10: 0 | Z10: 0 | AA10: 0 | AD10: Infrastructure
E11: Non-bank financials | F11: 154 | G11: 8 | H11: 30 | I11: 35 | J11: 26 | K11: 19 | L11: 11 | M11: 6 | N11: 4 | O11: 6 | P11: 2 | Q11: 1 | R11: 2 | S11: 1 | T11: 1 | U11: 1 | V11: 1 | W11: 0 | X11: 0 | Y11: 0 | Z11: 0 | AA11: 0 | AD11: Median equivalent | AE11: =$I$6*(50%-I22)/(J22-I22)+$J$6*(J22-50%)/(J22-I22) -> 2.5240964
E12: Renewables | F12: 185 | G12: 11 | H12: 25 | I12: 43 | J12: 34 | K12: 26 | L12: 16 | M12: 12 | N12: 3 | O12: 6 | P12: 7 | Q12: 1 | R12: 0 | S12: 1 | T12: 0 | U12: 0 | V12: 0 | W12: 0 | X12: 0 | Y12: 0 | Z12: 0 | AA12: 0 | AD12: Average default rte | AE12: =DR_SecGrp_Year!G10 -> 0.035991938
E13: Services | F13: 185 | G13: 9 | H13: 33 | I13: 36 | J13: 29 | K13: 25 | L13: 16 | M13: 14 | N13: 7 | O13: 5 | P13: 1 | Q13: 0 | R13: 2 | S13: 2 | T13: 2 | U13: 2 | V13: 1 | W13: 1 | X13: 0 | Y13: 0 | Z13: 0 | AA13: 0 | AD13: Cumul. default density | AE13: =G22/$Q22 -> 0.052132701 | AF13: =H22/$Q22 -> 0.19905213 | AG13: =I22/$Q22 -> 0.41469194 | AH13: =J22/$Q22 -> 0.61137441 | AI13: =K22/$Q22 -> 0.74170616 | AJ13: =L22/$Q22 -> 0.82701422 | AK13: =M22/$Q22 -> 0.90758294 | AL13: =N22/$Q22 -> 0.93838863 | ... AN13: =P22/$Q22 -> 0.992891
E14: All sectors* | F14: 2401 | G14: 162 | H14: 371 | I14: 479 | J14: 419 | K14: 273 | L14: 193 | M14: 161 | N14: 89 | O14: 92 | P14: 48 | Q14: 33 | R14: 20 | S14: 22 | T14: 15 | U14: 9 | V14: 5 | W14: 6 | X14: 1 | Y14: 0 | Z14: 0 | AA14: 3 | AD14: Estimated default term structure | AE14: 1 | AF14: 2 | AG14: 3 | AH14: 4 | AI14: 5 | AJ14: 6 | AK14: 7 | AL14: 8 | AM14: 9 | AN14: 10
AE15: =$AE12*(1+(AE13-50%)) -> 0.019872326 | AF15: =$AE12*(1+(AF13-50%)) -> 0.025160241 | AG15: =$AE12*(1+(AG13-50%)) -> 0.032921536 | AH15: =$AE12*(1+(AH13-50%)) -> 0.040000519 | AI15: =$AE12*(1+(AI13-50%)) -> 0.044691411 | AJ15: =$AE12*(1+(AJ13-50%)) -> 0.047761813 | AK15: =$AE12*(1+(AK13-50%)) -> 0.050661638 | AL15: =$AE12*(1+(AL13-50%)) -> 0.051770394 | ... AN15: =$AE12*(1+(AN13-50%)) -> 0.05373204
E16: Sector groupings | F16: Total defaults | G16: Percentage of total defaults (cumulative) | AD16: High income | AE16: =$AQ$3/$AP$3*AE15 -> 0.011995456 | AF16: =$AQ$3/$AP$3*AF15 -> 0.015187381 | AG16: =$AQ$3/$AP$3*AG15 -> 0.019872301 | AH16: =$AQ$3/$AP$3*AH15 -> 0.024145361 | AI16: =$AQ$3/$AP$3*AI15 -> 0.026976906 | AJ16: =$AQ$3/$AP$3*AJ15 -> 0.028830282 | AK16: =$AQ$3/$AP$3*AK15 -> 0.030580692 | AL16: =$AQ$3/$AP$3*AL15 -> 0.031249966 | ... AN16: =$AQ$3/$AP$3*AN15 -> 0.032434067
G17: Time of default (years after signature) | AD17: EMDE | AE17: =$AR$3/$AP$3*AE15 -> 0.021496953 | AF17: =$AR$3/$AP$3*AF15 -> 0.027217172 | AG17: =$AR$3/$AP$3*AG15 -> 0.035612977 | AH17: =$AR$3/$AP$3*AH15 -> 0.04327069 | AI17: =$AR$3/$AP$3*AI15 -> 0.048345078 | AJ17: =$AR$3/$AP$3*AJ15 -> 0.051666495 | AK17: =$AR$3/$AP$3*AK15 -> 0.05480339 | AL17: =$AR$3/$AP$3*AL15 -> 0.056002791 | ... AN17: =$AR$3/$AP$3*AN15 -> 0.058124807
G18: 0 | H18: 1 | I18: 2 | J18: 3 | K18: 4 | L18: 5 | M18: 6 | N18: 7 | O18: 8 | P18: 9 | Q18: 10 | R18: 11 | S18: 12 | T18: 13 | U18: 14 | V18: 15 | W18: 16 | X18: 17 | Y18: 18 | Z18: 19 | AA18: >=20
E19: Financial institutions | F19: 552 | G19: 0.12137681 | H19: 0.29891304 | I19: 0.48731884 | J19: 0.67210145 | K19: 0.7807971 | L19: 0.84782609 | M19: 0.90036232 | N19: 0.92753623 | O19: 0.96557971 | P19: 0.97463768 | Q19: 0.97826087 | R19: 0.98188406 | S19: 0.98913043 | T19: 0.99456522 | U19: 0.99818841 | V19: 1 | W19: 1 | X19: 1 | Y19: 1 | Z19: 1 | AA19: 1 | AD19: Renewables
E20: Non-financial institutions | F20: 1849 | G20: 0.051379124 | H20: 0.1990265 | I20: 0.40183883 | J20: 0.57328286 | K20: 0.68848026 | L20: 0.77285019 | M20: 0.84424013 | N20: 0.88426176 | O20: 0.9226609 | P20: 0.94591671 | Q20: 0.96268253 | R20: 0.97241752 | S20: 0.98215251 | T20: 0.98864251 | U20: 0.99242834 | V20: 0.99459167 | W20: 0.99783667 | X20: 0.9983775 | Y20: 0.9983775 | Z20: 0.9983775 | AA20: 1 | AD20: Median equivalent | AE20: =$I$6*(50%-I24)/(J24-I24)+$J$6*(J24-50%)/(J24-I24) -> 2.6029412
E21: Banking | F21: 398 | G21: 0.14824121 | H21: 0.31909548 | I21: 0.49246231 | J21: 0.68341709 | K21: 0.78643216 | L21: 0.85175879 | M21: 0.90954774 | N21: 0.93718593 | O21: 0.97487437 | P21: 0.98241206 | Q21: 0.98492462 | R21: 0.98492462 | S21: 0.99246231 | T21: 0.99748744 | U21: 1 | V21: 1 | W21: 1 | X21: 1 | Y21: 1 | Z21: 1 | AA21: 1 | AD21: Average default rte | AE21: =DR_SecGrp_Year!I10 -> 0.030515961
E22: Infrastructure | F22: 429 | G22: 0.051282051 | H22: 0.1958042 | I22: 0.40792541 | J22: 0.6013986 | K22: 0.72960373 | L22: 0.81351981 | M22: 0.89277389 | N22: 0.92307692 | O22: 0.95337995 | P22: 0.97668998 | Q22: 0.98368298 | R22: 0.98601399 | S22: 0.995338 | T22: 1 | U22: 1 | V22: 1 | W22: 1 | X22: 1 | Y22: 1 | Z22: 1 | AA22: 1 | AD22: Cumul. default density | AE22: =G24/$Q24 -> 0.059782609 | AF22: =H24/$Q24 -> 0.19565217 | AG22: =I24/$Q24 -> 0.42934783 | AH22: =J24/$Q24 -> 0.61413043 | AI22: =K24/$Q24 -> 0.75543478 | AJ22: =L24/$Q24 -> 0.8423913 | AK22: =M24/$Q24 -> 0.9076087 | AL22: =N24/$Q24 -> 0.92391304 | ... AN22: =P24/$Q24 -> 0.99456522
E23: Non-bank financials | F23: 154 | G23: 0.051948052 | H23: 0.24675325 | I23: 0.47402597 | J23: 0.64285714 | K23: 0.76623377 | L23: 0.83766234 | M23: 0.87662338 | N23: 0.9025974 | O23: 0.94155844 | P23: 0.95454545 | Q23: 0.96103896 | R23: 0.97402597 | S23: 0.98051948 | T23: 0.98701299 | U23: 0.99350649 | V23: 1 | W23: 1 | X23: 1 | Y23: 1 | Z23: 1 | AA23: 1 | AD23: Estimated default term structure | AE23: 1 | AF23: 2 | AG23: 3 | AH23: 4 | AI23: 5 | AJ23: 6 | AK23: 7 | AL23: 8 | AM23: 9 | AN23: 10
E24: Renewables | F24: 185 | G24: 0.059459459 | H24: 0.19459459 | I24: 0.42702703 | J24: 0.61081081 | K24: 0.75135135 | L24: 0.83783784 | M24: 0.9027027 | N24: 0.91891892 | O24: 0.95135135 | P24: 0.98918919 | Q24: 0.99459459 | R24: 0.99459459 | S24: 1 | T24: 1 | U24: 1 | V24: 1 | W24: 1 | X24: 1 | Y24: 1 | Z24: 1 | AA24: 1 | AE24: =$AE21*(1+(AE22-50%)) -> 0.017082304 | AF24: =$AE21*(1+(AF22-50%)) -> 0.021228494 | AG24: =$AE21*(1+(AG22-50%)) -> 0.028359942 | AH24: =$AE21*(1+(AH22-50%)) -> 0.033998761 | AI24: =$AE21*(1+(AI22-50%)) -> 0.038310798 | AJ24: =$AE21*(1+(AJ22-50%)) -> 0.04096436 | AK24: =$AE21*(1+(AK22-50%)) -> 0.042954532 | AL24: =$AE21*(1+(AL22-50%)) -> 0.043452074 | ... AN24: =$AE21*(1+(AN22-50%)) -> 0.045608093
E25: Services | F25: 185 | G25: 0.048648649 | H25: 0.22702703 | I25: 0.42162162 | J25: 0.57837838 | K25: 0.71351351 | L25: 0.8 | M25: 0.87567568 | N25: 0.91351351 | O25: 0.94054054 | P25: 0.94594595 | Q25: 0.94594595 | R25: 0.95675676 | S25: 0.96756757 | T25: 0.97837838 | U25: 0.98918919 | V25: 0.99459459 | W25: 1 | X25: 1 | Y25: 1 | Z25: 1 | AA25: 1 | AD25: High income | AE25: =$AQ$3/$AP$3*AE24 -> 0.010311326 | AF25: =$AQ$3/$AP$3*AF24 -> 0.012814075 | AG25: =$AQ$3/$AP$3*AG24 -> 0.017118804 | AH25: =$AQ$3/$AP$3*AH24 -> 0.020522543 | AI25: =$AQ$3/$AP$3*AI24 -> 0.023125402 | AJ25: =$AQ$3/$AP$3*AJ24 -> 0.024727161 | AK25: =$AQ$3/$AP$3*AK24 -> 0.025928481 | AL25: =$AQ$3/$AP$3*AL24 -> 0.02622881 | ... AN25: =$AQ$3/$AP$3*AN24 -> 0.02753024
E26: All sectors* | F26: 2401 | G26: 0.067471887 | H26: 0.22199084 | I26: 0.42149105 | J26: 0.59600167 | K26: 0.70970429 | L26: 0.79008746 | M26: 0.85714286 | N26: 0.89421075 | O26: 0.93252811 | P26: 0.95251978 | Q26: 0.96626406 | R26: 0.97459392 | S26: 0.98375677 | T26: 0.99000416 | U26: 0.9937526 | V26: 0.99583507 | W26: 0.99833403 | X26: 0.99875052 | Y26: 0.99875052 | Z26: 0.99875052 | AA26: 1 | AD26: EMDE | AE26: =$AR$3/$AP$3*AE24 -> 0.018478837 | AF26: =$AR$3/$AP$3*AF24 -> 0.022963992 | AG26: =$AR$3/$AP$3*AG24 -> 0.030678458 | AH26: =$AR$3/$AP$3*AH24 -> 0.036778269 | AI26: =$AR$3/$AP$3*AI24 -> 0.04144283 | AJ26: =$AR$3/$AP$3*AJ24 -> 0.044313329 | AK26: =$AR$3/$AP$3*AK24 -> 0.046466203 | AL26: =$AR$3/$AP$3*AL24 -> 0.047004422 | ... AN26: =$AR$3/$AP$3*AN24 -> 0.049336702
E28: *Note: The sum of the individual groupings exceeds the total as counterparties can be part of multiple groups | AD28: ALL
AD29: Median equivalent | AE29: =$I$6*(50%-I33)/(J33-I33)+$J$6*(J33-50%)/(J33-I33) -> #DIV/0!
AD30: Average default rte | AE30: =DR_GICS!I21 -> 0.035393609
AD31: Cumul. default density | AE31: =G26/$Q26 -> 0.069827586 | AF31: =H26/$Q26 -> 0.22974138 | AG31: =I26/$Q26 -> 0.4362069 | AH31: =J26/$Q26 -> 0.61681034 | AI31: =K26/$Q26 -> 0.73448276 | AJ31: =L26/$Q26 -> 0.81767241 | AK31: =M26/$Q26 -> 0.88706897 | AL31: =N26/$Q26 -> 0.92543103 | ... AN31: =P26/$Q26 -> 0.98577586
AD32: Estimated default term structure | AE32: 1 | AF32: 2 | AG32: 3 | AH32: 4 | AI32: 5 | AJ32: 6 | AK32: 7 | AL32: 8 | AM32: 9 | AN32: 10
AE33: =$AE30*(1+(AE31-50%)) -> 0.020168255 | AF33: =$AE30*(1+(AF31-50%)) -> 0.025828181 | AG33: =$AE30*(1+(AG31-50%)) -> 0.03313574 | AH33: =$AE30*(1+(AH31-50%)) -> 0.039527948 | AI33: =$AE30*(1+(AI31-50%)) -> 0.0436928 | AJ33: =$AE30*(1+(AJ31-50%)) -> 0.046637182 | AK33: =$AE30*(1+(AK31-50%)) -> 0.049093376 | AL33: =$AE30*(1+(AL31-50%)) -> 0.050451148 | ... AN33: =$AE30*(1+(AN31-50%)) -> 0.052586969
AD34: High income | AE34: =$AQ$3/$AP$3*AE33 -> 0.012174087 | AF34: =$AQ$3/$AP$3*AF33 -> 0.015590567 | AG34: =$AQ$3/$AP$3*AG33 -> 0.020001601 | AH34: =$AQ$3/$AP$3*AH33 -> 0.023860105 | AI34: =$AQ$3/$AP$3*AI33 -> 0.026374118 | AJ34: =$AQ$3/$AP$3*AJ33 -> 0.028151425 | AK34: =$AQ$3/$AP$3*AK33 -> 0.029634048 | AL34: =$AQ$3/$AP$3*AL33 -> 0.030453635 | ... AN34: =$AQ$3/$AP$3*AN33 -> 0.031742872
AD35: EMDE | AE35: =$AR$3/$AP$3*AE33 -> 0.021817074 | AF35: =$AR$3/$AP$3*AF33 -> 0.027939718 | AG35: =$AR$3/$AP$3*AG33 -> 0.035844694 | AH35: =$AR$3/$AP$3*AH33 -> 0.042759485 | AI35: =$AR$3/$AP$3*AI33 -> 0.047264827 | AJ35: =$AR$3/$AP$3*AJ33 -> 0.050449922 | AK35: =$AR$3/$AP$3*AK33 -> 0.053106918 | AL35: =$AR$3/$AP$3*AL33 -> 0.054575692 | ... AN35: =$AR$3/$AP$3*AN33 -> 0.056886124

Sheet DR_Reg
I1: 90% confidence interval | J1: Average default rate
D2: 2 | E2: 4 | F2: 5 | G2: 6 | H2: 3 | I2: 15 | J2: 13 | K2: 16
D3: CTPs | E3: Years | F3: Defaults | G3: Observations | H3: Signed EUR Mn | I3: WLower | J3: WAvgDefRate | K3: WUpper
C5: Table 8: Default rates by World Bank region
C7: World Bank region | D7: Counter- parties | E7: Observed years | F7: Number of defaults | G7: Number of observations | H7: Signed amount € million | I7: =DR_GICS!H7 -> Lower of 90% confidence interval | J7: Average default rate | K7: =DR_GICS!J7 -> Upper of 90% confidence interval
C8: East Asia & Pacific | D8: 927 | E8: 31 | F8: 184 | G8: 4732 | H8: 41675.261 | I8: 0.028857068 | J8: 0.038884193 | K8: 0.048911318 | L8: =IF(ISERROR(K8),IF(M8="Grey",2,1),0) -> 0 | N8: East Asia & Pacific
C9: Europe & Central Asia | D9: 3543 | E9: 31 | F9: 573 | G9: 20888 | H9: 141719.33 | I9: 0.02287368 | J9: 0.027432018 | K9: 0.031990357 | L9: =IF(ISERROR(K9),IF(M9="Grey",2,1),0) -> 0 | M9: Grey | N9: Europe & Central Asia
C10: Latin America & Caribbean | D10: 2305 | E10: 31 | F10: 372 | G10: 12771 | H10: 94129.924 | I10: 0.022759132 | J10: 0.029128494 | K10: 0.035497857 | L10: =IF(ISERROR(K10),IF(M10="Grey",2,1),0) -> 0 | N10: Latin America & Caribbean
C11: Middle East & North Africa | D11: 704 | E11: 31 | F11: 148 | G11: 4361 | H11: 31100.473 | I11: 0.026116049 | J11: 0.03393717 | K11: 0.041758291 | L11: =IF(ISERROR(K11),IF(M11="Grey",2,1),0) -> 0 | M11: Grey | N11: Middle East & North Africa
C12: North America | D12: #N/A | E12: #N/A | F12: #N/A | G12: #N/A | H12: #N/A | I12: #N/A | J12: #N/A | K12: #N/A | L12: =IF(ISERROR(K12),IF(M12="Grey",2,1),0) -> 1 | N12: North America
C13: South Asia | D13: 898 | E13: 31 | F13: 158 | G13: 4823 | H13: 33901.537 | I13: 0.021954205 | J13: 0.032759693 | K13: 0.043565181 | L13: =IF(ISERROR(K13),IF(M13="Grey",2,1),0) -> 0 | N13: South Asia
C14: Sub-Saharan Africa | D14: 1800 | E14: 31 | F14: 626 | G14: 10348 | H14: 75299.38 | I14: 0.054642713 | J14: 0.060494782 | K14: 0.066346851 | L14: =IF(ISERROR(K14),IF(M14="Grey",2,1),0) -> 0 | M14: Grey | N14: Sub-Saharan Africa
C15: Multiple | D15: 299 | E15: 28 | F15: 40 | G15: 1438 | H15: 28534.941 | I15: 0.019220094 | J15: 0.027816412 | K15: 0.03641273 | L15: =IF(ISERROR(K15),IF(M15="Grey",2,1),0) -> 0 | N15: Other
C16: Overall, including omitted categories | D16: 10476 | E16: 31 | F16: 2101 | G16: 59361 | H16: 446360.85 | I16: 0.031889333 | J16: 0.035393609 | K16: 0.038897884
C18: Figure 8: Default rates by World Bank region

Sheet DR_Reg_Year
C2: Table 9: Annual default rates by World Bank region
C4: v | D4: East Asia & Pacific | E4: Europe & Central Asia | F4: Latin America & Caribbean | G4: Middle East & North Africa | H4: South Asia | I4: Sub-Saharan Africa
C6: Years | D6: 31 | E6: 31 | F6: 31 | G6: 31 | H6: 31 | I6: 31
C7: Counterparties | D7: 927 | E7: 3543 | F7: 2305 | G7: 704 | H7: 898 | I7: 1800
C8: Defaults | D8: 184 | E8: 573 | F8: 372 | G8: 148 | H8: 158 | I8: 626
C9: Observations | D9: 4732 | E9: 20888 | F9: 12771 | G9: 4361 | H9: 4823 | I9: 10348
C10: Average default rate | D10: 0.038884193 | E10: 0.027432018 | F10: 0.029128494 | G10: 0.03393717 | H10: 0.032759693 | I10: 0.060494782
C11: 1994 | D11: 0.023255814 | E11: 0.040816327 | F11: 0.010204082 | G11: 0.068965517 | H11: 0 | I11: 0.034482759
C12: 1995 | D12: 0.054545455 | E12: 0.030075188 | F12: 0.028436019 | G12: 0 | H12: 0 | I12: 0.056910569
C13: 1996 | D13: 0.015873016 | E13: 0.032258065 | F13: 0.0045045045 | G13: 0.071428571 | H13: 0 | I13: 0.015151515
C14: 1997 | D14: 0.04109589 | E14: 0.024752475 | F14: 0.021645022 | G14: 0 | H14: 0.061538462 | I14: 0.086330935
C15: 1998 | D15: 0.20779221 | E15: 0.059633028 | F15: 0.022624434 | G15: 0.023255814 | H15: 0.26760563 | I15: 0.094202899
C16: 1999 | D16: 0.041666667 | E16: 0.056 | F16: 0.017094017 | G16: 0.015151515 | H16: 0.018518519 | I16: 0.079710145
C17: 2000 | D17: 0.061728395 | E17: 0.04040404 | F17: 0.032258065 | G17: 0 | H17: 0.019230769 | I17: 0.079470199
C18: 2001 | D18: 0.083333333 | E18: 0.036809816 | F18: 0.032128514 | G18: 0.058823529 | H18: 0.076923077 | I18: 0.086206897
C19: 2002 | D19: 0.068493151 | E19: 0.023255814 | F19: 0.12643678 | G19: 0.14084507 | H19: 0.074074074 | I19: 0.085714286
C20: 2003 | D20: 0.14705882 | E20: 0.028497409 | F20: 0.11020408 | G20: 0.014492754 | H20: 0.0625 | I20: 0.08988764
C21: 2004 | D21: 0.125 | E21: 0 | F21: 0.046218487 | G21: 0.047619048 | H21: 0.14285714 | I21: 0.081967213
C22: 2005 | D22: 0.015625 | E22: 0.0038461538 | F22: 0.016460905 | G22: 0.048780488 | H22: 0.019230769 | I22: 0.12169312
... C41: 2024 | D41: 0.019736842 | E41: 0.01635514 | F41: 0.013280212 | G41: 0.01986755 | H41: 0.0029498525 | I41: 0.050964187

Sheet DR_Cont_Year
C2: Table 10: Annual default rates by continent
D4: Africa | E4: Asia | F4: Europe | G4: North America | H4: Oceania | I4: South America
C6: Years | D6: 31 | E6: 31 | F6: 31 | G6: 31 | H6: 31 | I6: 31
C7: Counterparties | D7: 2094 | E7: 2353 | F7: 3125 | G7: 1000 | H7: 37 | I7: 1210
C8: Defaults | D8: 667 | E8: 488 | F8: 491 | G8: 167 | H8: 6 | I8: 188
C9: Observations | D9: 12416 | E9: 12531 | F9: 18681 | G9: 5882 | H9: 192 | I9: 6483
C10: Average default rate | D10: 0.053721005 | E10: 0.03894342 | F10: 0.02628339 | G10: 0.028391704 | H10: 0.03125 | I10: 0.02899892
C11: 1994 | D11: 0.042857143 | E11: 0.010752688 | F11: 0.041666667 | G11: 0.017241379 | H11: 0 | I11: 0.0072463768
C12: 1995 | D12: 0.047297297 | E12: 0.025423729 | F12: 0.030769231 | G12: 0 | H12: 0 | I12: 0.04137931
C13: 1996 | D13: 0.019354839 | E13: 0.022556391 | F13: 0.033519553 | G13: 0 | H13: 0 | I13: 0.0065359477
C14: 1997 | D14: 0.074074074 | E14: 0.045454545 | F14: 0.026041667 | G14: 0.013513514 | H14: 0 | I14: 0.025477707
C15: 1998 | D15: 0.081761006 | E15: 0.21301775 | F15: 0.062801932 | G15: 0.029850746 | H15: 0 | I15: 0.019480519
C16: 1999 | D16: 0.071428571 | E16: 0.01875 | F16: 0.054852321 | G16: 0 | H16: 0.22222222 | I16: 0.025
C17: 2000 | D17: 0.06741573 | E17: 0.035502959 | F17: 0.039285714 | G17: 0.023255814 | H17: 0 | I17: 0.037267081
C18: 2001 | D18: 0.084158416 | E18: 0.067073171 | F18: 0.036065574 | G18: 0.048192771 | H18: 0.125 | I18: 0.024390244
C19: 2002 | D19: 0.086956522 | E19: 0.094674556 | F19: 0.025396825 | G19: 0.046511628 | H19: 0 | I19: 0.16860465
C20: 2003 | D20: 0.079439252 | E20: 0.090322581 | F20: 0.028248588 | G20: 0.098901099 | H20: 0 | I20: 0.11409396
C21: 2004 | D21: 0.064102564 | E21: 0.10738255 | F21: 0 | G21: 0.076086957 | H21: 0.25 | I21: 0.014388489
C22: 2005 | D22: 0.10121457 | E22: 0.025316456 | F22: 0.0042826552 | G22: 0.01010101 | H22: 0 | I22: 0.02189781
... C41: 2024 | D41: 0.040792541 | E41: 0.01543943 | F41: 0.01542777 | G41: 0.014792899 | H41: 0.25 | I41: 0.010695187

Sheet DR_GICS
H1: 90% confidence interval | I1: Average default rate
C2: 2 | D2: 4 | E2: 5 | F2: 6 | G2: 3 | H2: 15 | I2: 13 | J2: 16
C3: CTPs | D3: Years | E3: Defaults | F3: Observations | G3: Signed EUR Mn | H3: WLower | I3: WAvgDefRate | J3: WUpper
B5: Table 11: Default rates by GICS sector
B7: GICS Sector | C7: Counter- parties | D7: Observed years | E7: Number of defaults | F7: Number of observations | G7: Signed amount € million | H7: =DR!$H$4 -> Lower of 90% confidence interval | I7: Average default rate | J7: =DR!$J$4 -> Upper of 90% confidence interval
B8: Administration | K8: =IF(ISERROR(J8),IF(L8="Grey",2,1),0) -> 0 | M8: Administration
B9: Communication services | C9: 301 | D9: 31 | E9: 59 | F9: 1488 | G9: 12448.214 | H9: 0.030837345 | I9: 0.039650538 | J9: 0.04846373 | K9: =IF(ISERROR(J9),IF(L9="Grey",2,1),0) -> 0 | L9: Grey | M9: Communication services
B10: Consumer discretionary | C10: 843 | D10: 31 | E10: 258 | F10: 4331 | G10: 30631.565 | H10: 0.050306667 | I10: 0.059570538 | J10: 0.068834409 | K10: =IF(ISERROR(J10),IF(L10="Grey",2,1),0) -> 0 | M10: Consumer discretionary
B11: Consumer staples | C11: 1279 | D11: 31 | E11: 349 | F11: 6585 | G11: 32326.164 | H11: 0.046190929 | I11: 0.052999241 | J11: 0.059807553 | K11: =IF(ISERROR(J11),IF(L11="Grey",2,1),0) -> 0 | L11: Grey | M11: Consumer staples
B12: Energy | C12: 242 | D12: 31 | E12: 48 | F12: 1347 | G12: 15627.572 | H12: 0.027212806 | I12: 0.035634744 | J12: 0.044056682 | K12: =IF(ISERROR(J12),IF(L12="Grey",2,1),0) -> 0 | M12: Energy
B13: Financials | C13: 3788 | D13: 31 | E13: 520 | F13: 23045 | G13: 186887.85 | H13: 0.019395183 | I13: 0.022564548 | J13: 0.025733912 | K13: =IF(ISERROR(J13),IF(L13="Grey",2,1),0) -> 0 | L13: Grey | M13: Financials
B14: Health care | C14: 251 | D14: 31 | E14: 74 | F14: 1241 | G14: 7339.1729 | H14: 0.045798748 | I14: 0.059629331 | J14: 0.073459915 | K14: =IF(ISERROR(J14),IF(L14="Grey",2,1),0) -> 0 | M14: Health care
B15: Industrials | C15: 817 | D15: 31 | E15: 153 | F15: 4222 | G15: 53490.884 | H15: 0.029616965 | I15: 0.036238749 | J15: 0.042860534 | K15: =IF(ISERROR(J15),IF(L15="Grey",2,1),0) -> 0 | L15: Grey | M15: Industrials
B16: Information technology | C16: 62 | D16: 30 | E16: 14 | F16: 236 | G16: 2189.2193 | H16: 0.033163213 | I16: 0.059322034 | J16: 0.085480855 | K16: =IF(ISERROR(J16),IF(L16="Grey",2,1),0) -> 0 | M16: Information technology
B17: Materials | C17: 911 | D17: 31 | E17: 241 | F17: 5330 | G17: 30875.263 | H17: 0.038275758 | I17: 0.04521576 | J17: 0.052155761 | K17: =IF(ISERROR(J17),IF(L17="Grey",2,1),0) -> 0 | L17: Grey | M17: Materials
B18: Real estate | C18: 187 | D18: 31 | E18: 43 | F18: 862 | G18: 5851.9002 | H18: 0.039582866 | I18: 0.049883991 | J18: 0.060185115 | K18: =IF(ISERROR(J18),IF(L18="Grey",2,1),0) -> 0 | M18: Real estate
B19: Utilities | C19: 1390 | D19: 31 | E19: 255 | F19: 8633 | G19: 61550.887 | H19: 0.02515578 | I19: 0.02953782 | J19: 0.03391986 | K19: =IF(ISERROR(J19),IF(L19="Grey",2,1),0) -> 0 | L19: Grey | M19: Utilities
B20: Others | C20: 396 | D20: 31 | E20: 86 | F20: 1996 | G20: 7058.6561 | H20: 0.031483604 | I20: 0.043086172 | J20: 0.05468874 | K20: =IF(ISERROR(J20),IF(L20="Grey",2,1),0) -> 0 | M20: Others
B21: Overall, including omitted categories | C21: =DR!C5 -> 10476 | E21: =DR!E5 -> 2101 | F21: =DR!F5 -> 59361 | G21: =DR!G5 -> 446360.85 | H21: =DR!H5 -> 0.031889333 | I21: =DR!I5 -> 0.035393609 | J21: =DR!J5 -> 0.038897884
B23: Figure 9: Default rates by GICS sector

Sheet DR_GICS_Year
C2: Table 12: Annual default rates by GICS sector
D4: Administration | E4: Communication services | F4: Consumer discretionary | G4: Consumer staples | H4: Energy | I4: Financials | J4: Health care | K4: Industrials | L4: Information technology | M4: Materials | N4: Real estate | O4: Utilities | P4: Other
C6: Years | E6: 31 | F6: 31 | G6: 31 | H6: 31 | I6: 31 | J6: 31 | K6: 31 | L6: 30 | M6: 31 | N6: 31 | O6: 31 | P6: 31
C7: Counterparties | E7: 301 | F7: 843 | G7: 1279 | H7: 242 | I7: 3788 | J7: 251 | K7: 817 | L7: 62 | M7: 911 | N7: 187 | O7: 1390 | P7: 396
C8: Defaults | E8: 59 | F8: 258 | G8: 349 | H8: 48 | I8: 520 | J8: 74 | K8: 153 | L8: 14 | M8: 241 | N8: 43 | O8: 255 | P8: 86
C9: Observations | E9: 1488 | F9: 4331 | G9: 6585 | H9: 1347 | I9: 23045 | J9: 1241 | K9: 4222 | L9: 236 | M9: 5330 | N9: 862 | O9: 8633 | P9: 1996
C10: Average default rate | E10: 0.039650538 | F10: 0.059570538 | G10: 0.052999241 | H10: 0.035634744 | I10: 0.022564548 | J10: 0.059629331 | K10: 0.036238749 | L10: 0.059322034 | M10: 0.04521576 | N10: 0.049883991 | O10: 0.02953782 | P10: 0.043086172
C11: 1994 | E11: 0 | F11: 0.030612245 | G11: 0.028169014 | H11: 0 | I11: 0.010752688 | J11: 0 | K11: 0.058823529 | L11: 0 | M11: 0.031007752 | N11: 0 | O11: 0 | P11: 0.023255814
C12: 1995 | E12: 0 | F12: 0.03030303 | G12: 0.098765432 | H12: 0 | I12: 0 | J12: 0.14285714 | K12: 0 | L12: 0 | M12: 0.034965035 | N12: 0 | O12: 0.03125 | P12: 0.037735849
C13: 1996 | E13: 0 | F13: 0.038095238 | G13: 0.0125 | H13: 0 | I13: 0.012738854 | J13: 0.16666667 | K13: 0 | L13: 0 | M13: 0.0064516129 | N13: 0 | O13: 0.025641026 | P13: 0.053571429
C14: 1997 | E14: 0 | F14: 0.097087379 | G14: 0.088888889 | H14: 0 | I14: 0.010752688 | J14: 0 | K14: 0 | L14: 0 | M14: 0.04516129 | N14: 0 | O14: 0.042553191 | P14: 0
C15: 1998 | E15: 0 | F15: 0.13333333 | G15: 0.048543689 | H15: 0.08 | I15: 0.084158416 | J15: 0.5 | K15: 0.0625 | L15: 0 | M15: 0.10666667 | N15: 0 | O15: 0 | P15: 0.15517241
C16: 1999 | E16: 0.13333333 | F16: 0.0625 | G16: 0.052631579 | H16: 0.038461538 | I16: 0.03196347 | J16: 0.16666667 | K16: 0.020408163 | L16: 0 | M16: 0.026490066 | N16: 0 | O16: 0.016393443 | P16: 0.058823529
C17: 2000 | E17: 0.029411765 | F17: 0.075471698 | G17: 0.072 | H17: 0 | I17: 0.032258065 | J17: 0 | K17: 0.054545455 | L17: 0 | M17: 0.050632911 | N17: 0 | O17: 0 | P17: 0.01754386
C18: 2001 | E18: 0.058823529 | F18: 0.088235294 | G18: 0.056910569 | H18: 0.037037037 | I18: 0.038596491 | J18: 0.21428571 | K18: 0.050847458 | L18: 0 | M18: 0.045751634 | N18: 0 | O18: 0.013513514 | P18: 0.081967213
C19: 2002 | E19: 0.028571429 | F19: 0.18269231 | G19: 0.060344828 | H19: 0 | I19: 0.060897436 | J19: 0.125 | K19: 0.10714286 | L19: 0 | M19: 0.09375 | N19: 0.090909091 | O19: 0.076923077 | P19: 0
C20: 2003 | E20: 0.055555556 | F20: 0.10309278 | G20: 0.14285714 | H20: 0.058823529 | I20: 0.039156627 | J20: 0.1875 | K20: 0.086206897 | L20: 0.16666667 | M20: 0.054054054 | N20: 0 | O20: 0.092105263 | P20: 0
C21: 2004 | E21: 0.048780488 | F21: 0.043010753 | G21: 0.071428571 | H21: 0.1025641 | I21: 0.037940379 | J21: 0.055555556 | K21: 0.06557377 | L21: 0.42857143 | M21: 0.013513514 | N21: 0.066666667 | O21: 0 | P21: 0.013333333
C22: 2005 | E22: 0.071428571 | F22: 0.069306931 | G22: 0.050420168 | H22: 0.044444444 | I22: 0.01891253 | J22: 0.055555556 | K22: 0.029411765 | L22: 0 | M22: 0.017142857 | N22: 0 | O22: 0.037037037 | P22: 0
... C25: 2008 | E25: 0.053571429 | F25: 0.045454545 | G25: 0.062111801 | H25: 0.019607843 | I25: 0.026397516 | J25: 0 | K25: 0.045977011 | L25: 0 | M25: 0.025 | N25: 0 | O25: 0.02970297 | P25: 0.04
C26: 2009 | E26: 0.038461538 | F26: 0.051282051 | G26: 0.038251366 | H26: 0.036363636 | I26: 0.027624309 | J26: 0.03125 | K26: 0.07 | M26: 0.0625 | N26: 0 | O26: 0.015037594 | P26: 0.029411765
C27: 2010 | E27: 0 | F27: 0.085470085 | G27: 0.080188679 | H27: 0.017857143 | I27: 0.022546419 | J27: 0.055555556 | K27: 0.017699115 | L27: 0 | M27: 0.088235294 | N27: 0.1 | O27: 0.00625 | P27: 0.048780488
C28: 2011 | E28: 0.047058824 | F28: 0.0084033613 | G28: 0.036199095 | H28: 0.034482759 | I28: 0.017478152 | J28: 0.048780488 | K28: 0.078014184 | L28: 0 | M28: 0.03125 | N28: 0.0625 | O28: 0.021052632 | P28: 0.1
C29: 2012 | E29: 0.04494382 | F29: 0.060150376 | G29: 0.047826087 | H29: 0.01754386 | I29: 0.020594966 | J29: 0.045454545 | K29: 0.02 | L29: 0 | M29: 0.044554455 | N29: 0.10869565 | O29: 0.008583691 | P29: 0.054545455
C30: 2013 | E30: 0.025316456 | F30: 0.0375 | G30: 0.043650794 | H30: 0.046153846 | I30: 0.0055066079 | J30: 0.057692308 | K30: 0.022222222 | L30: 0 | M30: 0.027522936 | N30: 0.0625 | O30: 0.021126761 | P30: 0.051948052
C31: 2014 | E31: 0.03030303 | F31: 0.054545455 | G31: 0.037800687 | H31: 0.090909091 | I31: 0.014675052 | J31: 0.037037037 | K31: 0.072625698 | L31: 0.125 | M31: 0.083333333 | N31: 0.021276596 | O31: 0.038216561 | P31: 0.1
C32: 2015 | E32: 0.014705882 | F32: 0.034825871 | G32: 0.058651026 | H32: 0.084507042 | I32: 0.014503817 | J32: 0.057971014 | K32: 0.050847458 | L32: 0.090909091 | M32: 0.052083333 | N32: 0.021276596 | O32: 0.01627907 | P32: 0.021052632
C33: 2016 | E33: 0.046153846 | F33: 0.071428571 | G33: 0.038235294 | H33: 0.029411765 | I33: 0.020331325 | J33: 0.065789474 | K33: 0.043668122 | L33: 0.071428571 | M33: 0.048913043 | N33: 0.020833333 | O33: 0.052845528 | P33: 0.038834951
C34: 2017 | E34: 0.13207547 | F34: 0.03960396 | G34: 0.037681159 | H34: 0.03030303 | I34: 0.019877676 | J34: 0.048780488 | K34: 0.028225806 | L34: 0 | M34: 0.038043478 | N34: 0.046511628 | O34: 0.035785288 | P34: 0.039215686
C35: 2018 | E35: 0.023255814 | F35: 0.055276382 | G35: 0.026470588 | H35: 0.034482759 | I35: 0.014448669 | J35: 0.072289157 | K35: 0.033472803 | L35: 0.1 | M35: 0.045977011 | N35: 0.047619048 | O35: 0.026755853 | P35: 0.053191489
C36: 2019 | E36: 0.04 | F36: 0.062200957 | G36: 0.058333333 | H36: 0 | I36: 0.025887574 | J36: 0.070422535 | K36: 0.024590164 | L36: 0.058823529 | M36: 0.036144578 | N36: 0.023809524 | O36: 0.020679468 | P36: 0.14285714
C37: 2020 | E37: 0.039215686 | F37: 0.098522167 | G37: 0.05801105 | H37: 0.063829787 | I37: 0.037527594 | J37: 0.092105263 | K37: 0.048192771 | L37: 0.14285714 | M37: 0.067073171 | N37: 0.088888889 | O37: 0.051144011 | P37: 0.025641026
C38: 2021 | E38: 0.065217391 | F38: 0.057291667 | G38: 0.053370787 | H38: 0.023809524 | I38: 0.020029674 | J38: 0.040540541 | K38: 0.02892562 | L38: 0.076923077 | M38: 0.040935673 | N38: 0.065217391 | O38: 0.024793388 | P38: 0.024691358
... C41: 2024 | E41: 0.019230769 | F41: 0.033175355 | G41: 0.014005602 | H41: 0.04 | I41: 0.022463768 | J41: 0.032258065 | K41: 0.013605442 | L41: 0 | M41: 0.032679739 | N41: 0.057692308 | O41: 0.022824536 | P41: 0.026666667

Sheet DR_SecGrp_Year
G1: Infrastructure + Renewables
C2: Table 13: Annual default rates for sector groupings | G2: =G10*G9/SUM(G9,I9)+I10*I9/SUM(G9,I9) -> 0.034220779 | H2: =G7+I7 -> 2715
L3: Figure 10: Annual default rates for financial and non-financial institutions
D4: Financial institutions | E4: Non-financial institutions | F4: Banking | G4: Infrastructure | H4: Non-bank financials | I4: Renewables | J4: Services
C6: Years | D6: 31 | E6: 31 | F6: 31 | G6: 31 | H6: 31 | I6: 31 | J6: 31
C7: Counterparties | D7: 3788 | E7: 6688 | F7: 2617 | G7: 1863 | H7: 1171 | I7: 852 | J7: 842 | K7: 0.36158839
C8: Defaults | D8: 520 | E8: 1581 | F8: 343 | G8: 375 | H8: 177 | I8: 152 | J8: 177 | K8: 0.24750119
C9: Observations | D9: 23045 | E9: 36316 | F9: 17150 | G9: 10419 | H9: 5895 | I9: 4981 | J9: 4379 | K9: 0.38821785
C10: Average default rate | D10: 0.022564548 | E10: 0.04353453 | F10: 0.02 | G10: 0.035991938 | H10: 0.030025445 | I10: 0.030515961 | J10: 0.040420187
C11: 1994 | D11: 0.010752688 | E11: 0.027459954 | F11: 0.014285714 | G11: 0.032258065 | H11: 0 | I11: 0 | J11: 0
C12: 1995 | D12: 0 | E12: 0.040650407 | F12: 0 | G12: 0 | H12: 0 | I12: 0 | J12: 0
C13: 1996 | D13: 0.012738854 | E13: 0.020257827 | F13: 0.0078125 | G13: 0 | H13: 0.034482759 | I13: 0 | J13: 0
C14: 1997 | D14: 0.010752688 | E14: 0.047535211 | F14: 0.0063694268 | G14: 0 | H14: 0.034482759 | I14: 0 | J14: 0
C15: 1998 | D15: 0.084158416 | E15: 0.088183422 | F15: 0.08045977 | G15: 0.040540541 | H15: 0.10714286 | I15: 0 | J15: 0.098039216
C16: 1999 | D16: 0.03196347 | E16: 0.045302013 | F16: 0.031578947 | G16: 0.036585366 | H16: 0.034482759 | I16: 0 | J16: 0.078431373
C17: 2000 | D17: 0.032258065 | E17: 0.046296296 | F17: 0.03255814 | G17: 0.03030303 | H17: 0.03030303 | I17: 0 | J17: 0.035087719
C18: 2001 | D18: 0.038596491 | E18: 0.057838661 | F18: 0.041152263 | G18: 0.063636364 | H18: 0.023809524 | I18: 0.090909091 | J18: 0.05
C19: 2002 | D19: 0.060897436 | E19: 0.085329341 | F19: 0.056179775 | G19: 0.077586207 | H19: 0.088888889 | I19: 0 | J19: 0.061538462
C20: 2003 | D20: 0.039156627 | E20: 0.082956259 | F20: 0.031914894 | G20: 0.1025641 | H20: 0.08 | I20: 0.18181818 | J20: 0.085714286
C21: 2004 | D21: 0.037940379 | E21: 0.043859649 | F21: 0.029220779 | G21: 0.048 | H21: 0.081967213 | I21: 0 | J21: 0.056338028
C22: 2005 | D22: 0.01891253 | E22: 0.036885246 | F22: 0.02247191 | G22: 0.06870229 | H22: 0 | I22: 0 | J22: 0.063291139
... C41: 2024 | D41: 0.022463768 | E41: 0.02301665 | F41: 0.02014218 | G41: 0.018041237 | H41: 0.026119403 | I41: 0.0096899225 | J41: 0.034334764
C44: Overall average | D44: Financial institutions | E44: Non-financial institutions | F44: Banking | G44: Infrastructure | H44: Non-bank financials | I44: Renewables | J44: Services
B45: 1994 | C45: 0.035393609 | D45: 0.010752688 | E45: 0.027459954 | F45: 0.014285714 | G45: 0.032258065 | H45: 0 | I45: 0 | J45: 0
B46: 1995 | C46: 0.035393609 | D46: 0 | E46: 0.040650407 | F46: 0 | G46: 0 | H46: 0 | I46: 0 | J46: 0
B47: 1996 | C47: 0.035393609 | D47: 0.012738854 | E47: 0.020257827 | F47: 0.0078125 | G47: 0 | H47: 0.034482759 | I47: 0 | J47: 0
B48: 1997 | C48: 0.035393609 | D48: 0.010752688 | E48: 0.047535211 | F48: 0.0063694268 | G48: 0 | H48: 0.034482759 | I48: 0 | J48: 0
B49: 1998 | C49: 0.035393609 | D49: 0.084158416 | E49: 0.088183422 | F49: 0.08045977 | G49: 0.040540541 | H49: 0.10714286 | I49: 0 | J49: 0.098039216
B50: 1999 | C50: 0.035393609 | D50: 0.03196347 | E50: 0.045302013 | F50: 0.031578947 | G50: 0.036585366 | H50: 0.034482759 | I50: 0 | J50: 0.078431373
B51: 2000 | C51: 0.035393609 | D51: 0.032258065 | E51: 0.046296296 | F51: 0.03255814 | G51: 0.03030303 | H51: 0.03030303 | I51: 0 | J51: 0.035087719
B52: 2001 | C52: 0.035393609 | D52: 0.038596491 | E52: 0.057838661 | F52: 0.041152263 | G52: 0.063636364 | H52: 0.023809524 | I52: 0.090909091 | J52: 0.05
B53: 2002 | C53: 0.035393609 | D53: 0.060897436 | E53: 0.085329341 | F53: 0.056179775 | G53: 0.077586207 | H53: 0.088888889 | I53: 0 | J53: 0.061538462
B54: 2003 | C54: 0.035393609 | D54: 0.039156627 | E54: 0.082956259 | F54: 0.031914894 | G54: 0.1025641 | H54: 0.08 | I54: 0.18181818 | J54: 0.085714286
B55: 2004 | C55: 0.035393609 | D55: 0.037940379 | E55: 0.043859649 | F55: 0.029220779 | G55: 0.048 | H55: 0.081967213 | I55: 0 | J55: 0.056338028
B56: 2005 | C56: 0.035393609 | D56: 0.01891253 | E56: 0.036885246 | F56: 0.02247191 | G56: 0.06870229 | H56: 0 | I56: 0 | J56: 0.063291139
... B75: 2024 | C75: 0.035393609 | D75: 0.022463768 | E75: 0.02301665 | F75: 0.02014218 | G75: 0.018041237 | H75: 0.026119403 | I75: 0.0096899225 | J75: 0.034334764

Sheet DR_Reg-GICS
C2: Table 14: Default rates by World Bank region and GICS sector
C4: World Bank region | D4: Item | E4: Administration | F4: Communication services | G4: Consumer discretionary | H4: Consumer staples | I4: Energy | J4: Financials | K4: Health care | L4: Industrials | M4: Information technology | N4: Materials | O4: Real estate | P4: Utilities | Q4: Other
C5: East Asia & Pacific | D5: Lower of 90% CI* | F5: 0.010182345 | G5: 0.03525925 | H5: 0.025631412 | J5: 0.01628511 | K5: 0 | L5: 0.027069085 | N5: 0.045352557 | P5: 0.0043428757 | Q5: 0.049931402
D6: Default rate | F6: 0.031847134 | G6: 0.056155508 | H6: 0.041884817 | J6: 0.029992107 | K6: 0.032258065 | L6: 0.053941909 | N6: 0.066276803 | P6: 0.011578947 | Q6: 0.076923077
D7: Upper of 90% CI | F7: 0.053511923 | G7: 0.077051765 | H7: 0.058138221 | J7: 0.043699104 | K7: 0.070878443 | L7: 0.080814733 | N7: 0.087201049 | P7: 0.018815019 | Q7: 0.10391475
C8: Europe & Central Asia | D8: Lower of 90% CI | F8: 0.0050088024 | G8: 0.036287772 | H8: 0.031602208 | I8: 0.015940652 | J8: 0.0080288837 | K8: 0.030193166 | L8: 0.026960799 | M8: 0.0090864795 | N8: 0.026021685 | O8: 0.026271493 | P8: 0.029782374 | Q8: 0.015484584
D9: Default rate | F9: 0.017605634 | G9: 0.04657933 | H9: 0.044133477 | I9: 0.025590551 | J9: 0.01119872 | K9: 0.045146727 | L9: 0.036072144 | M9: 0.026548673 | N9: 0.035872236 | O9: 0.042735043 | P9: 0.042136499 | Q9: 0.029946524
D10: Upper of 90% CI | F10: 0.030202465 | G10: 0.056870889 | H10: 0.056664746 | I10: 0.03524045 | J10: 0.014368557 | K10: 0.060100288 | L10: 0.04518349 | M10: 0.044010866 | N10: 0.045722787 | O10: 0.059198593 | P10: 0.054490624 | Q10: 0.044408464
C11: Latin America & Caribbean | D11: Lower of 90% CI | F11: 0.016906304 | G11: 0.019404325 | H11: 0.029594292 | I11: 0.00039432475 | J11: 0.012948354 | K11: 0.024824669 | L11: 0.014957001 | N11: 0.019984627 | O11: 0.013822664 | P11: 0.02562448 | Q11: 0.022572514
D12: Default Rate | F12: 0.033980583 | G12: 0.032978723 | H12: 0.042682927 | I12: 0.01659751 | J12: 0.019732785 | K12: 0.058479532 | L12: 0.024187453 | N12: 0.035675676 | O12: 0.06097561 | P12: 0.034760705 | Q12: 0.037790698
D13: Upper of 90% CI | F13: 0.051054861 | G13: 0.046553121 | H13: 0.055771561 | I13: 0.032800696 | J13: 0.026517216 | K13: 0.092134395 | L13: 0.033417904 | N13: 0.051366724 | O13: 0.10812856 | P13: 0.043896931 | Q13: 0.053008881
C14: Middle East & North Africa | D14: Lower of 90% CI | G14: 0.031524728 | H14: 0.016641464 | I14: 0.024998351 | J14: 0.024205692 | K14: 0.006060714 | L14: 0.035631552 | N14: 0.02705177 | P14: 0.0027919125
D15: Default rate | G15: 0.066390041 | H15: 0.047413793 | I15: 0.050632911 | J15: 0.038439472 | K15: 0.035971223 | L15: 0.067039106 | N15: 0.04 | P15: 0.004950495
D16: Upper of 90% CI | G16: 0.10125535 | H16: 0.078186122 | I16: 0.076267471 | J16: 0.052673252 | K16: 0.065881732 | L16: 0.09844666 | N16: 0.05294823 | P16: 0.0071090776
C17: North America | D17: Lower of 90% CI
D18: Default Rate
D19: Upper of 90% CI
C20: South Asia | D20: Lower of 90% CI | F20: 0.012499636 | G20: 0.036165527 | H20: 0.015081329 | J20: 0.014537095 | K20: 0.00650339 | L20: 0.014016604 | N20: 0.013551741 | P20: 0.011513847
D21: Default rate | F21: 0.038834951 | G21: 0.07641196 | H21: 0.030172414 | J21: 0.028202115 | K21: 0.052238806 | L21: 0.03187251 | N21: 0.045238095 | P21: 0.0174703
D22: Upper of 90% CI | F22: 0.065170267 | G22: 0.11665839 | H22: 0.045263499 | J22: 0.041867135 | K22: 0.097974222 | L22: 0.049728416 | N22: 0.07692445 | P22: 0.023426754
C23: Sub-Saharan Africa | D23: Lower of 90% CI | F23: 0.038222199 | G23: 0.088815354 | H23: 0.085028755 | I23: 0.030837308 | J23: 0.033320944 | K23: 0.11499539 | L23: 0.024661256 | N23: 0.055252498 | O23: 0.048669465 | P23: 0.037059655 | Q23: 0.031798851
D24: Default rate | F24: 0.064197531 | G24: 0.11060433 | H24: 0.10272169 | I24: 0.052380952 | J24: 0.03956208 | K24: 0.1656051 | L24: 0.044843049 | N24: 0.068357222 | O24: 0.06875 | P24: 0.046353102 | Q24: 0.056737589
D25: Upper of 90% CI | F25: 0.090172863 | G25: 0.13239331 | H25: 0.12041462 | I25: 0.073924597 | J25: 0.045803216 | K25: 0.2162148 | L25: 0.065024842 | N25: 0.081461945 | O25: 0.088830535 | P25: 0.055646548 | Q25: 0.081676326
C26: Multiple | D26: Lower of 90% CI | G26: 0 | H26: 0.00029455994 | J26: 0.010507239 | P26: 0.011188544 | Q26: 0.01209903
D27: Default Rate | G27: 0.0074074074 | H27: 0.02739726 | J27: 0.020057307 | P27: 0.057142857 | Q27: 0.045801527
D28: Upper of 90% CI | G28: 0.02115415 | H28: 0.054499961 | J28: 0.029607374 | P28: 0.10309717 | Q28: 0.079504024
D29: *Confidence interval

Sheet DR_Reg-SecGrp
C2: Table 15: Default rates by World Bank region and sector groupings
C4: World Bank region | D4: Item | E4: Financial institutions | F4: Non-financial institutions | G4: Banking | H4: Infrastructure | I4: Non-bank financials | J4: Renewables | K4: Services
C5: East Asia & Pacific | D5: Lower of 90% CI* | E5: 0.01628511 | F5: 0.032265552 | G5: 0.0062847065 | H5: 0.015269687 | I5: 0.016953203 | J5: 0 | K5: 0.028724205
D6: Default rate | E6: 0.029992107 | F6: 0.042135642 | G6: 0.028423773 | H6: 0.026666667 | I6: 0.032454361 | J6: 0.0057471264 | K6: 0.046439628
D7: Upper of 90% CI | E7: 0.043699104 | F7: 0.052005732 | G7: 0.050562839 | H7: 0.038063646 | I7: 0.047955519 | J7: 0.012357229 | K7: 0.064155052
C8: Europe & Central Asia | D8: Lower of 90% CI | E8: 0.0080288837 | F8: 0.032168552 | G8: 0.007790094 | H8: 0.028553383 | I8: 0.0025427102 | J8: 0.041748781 | K8: 0.01644719
D9: Default rate | E9: 0.01119872 | F9: 0.039136525 | G9: 0.010474016 | H9: 0.039223153 | I9: 0.015337423 | J9: 0.059498956 | K9: 0.024564995
D10: Upper of 90% CI | E10: 0.014368557 | F10: 0.046104497 | G10: 0.013157939 | H10: 0.049892923 | I10: 0.028132136 | J10: 0.077249132 | K10: 0.032682799
C11: Latin America & Caribbean | D11: Lower of 90% CI | E11: 0.012948354 | F11: 0.027565964 | G11: 0.0058650877 | H11: 0.027200532 | I11: 0.024302222 | J11: 0.0254885 | K11: 0.023093029
D12: Default rate | E12: 0.019732785 | F12: 0.034910195 | G12: 0.012899263 | H12: 0.036417689 | I12: 0.033561218 | J12: 0.03539823 | K12: 0.030085023
D13: Upper of 90% CI | E13: 0.026517216 | F13: 0.042254426 | G13: 0.019933438 | H13: 0.045634846 | I13: 0.042820214 | J13: 0.04530796 | K13: 0.037077017
C14: Middle East & North Africa | D14: Lower of 90% CI | E14: 0.024205692 | F14: 0.021326241 | G14: 0.019932786 | H14: 0.0080554395 | I14: 0.024330765 | J14: 0 | K14: 0.025356928
D15: Default rate | E15: 0.038439472 | F15: 0.030939649 | G15: 0.03730738 | H15: 0.012998267 | I15: 0.041176471 | J15: 0.001270648 | K15: 0.045454545
D16: Upper of 90% CI | E16: 0.052673252 | F16: 0.040553056 | G16: 0.054681975 | H16: 0.017941094 | I16: 0.058022176 | J16: 0.0028259212 | K16: 0.065552163
C17: North America | D17: Lower of 90% CI
D18: Avg. Ann. Def. Rate
D19: Upper of 90% CI
C20: South Asia | D20: Lower of 90% CI | E20: 0.014537095 | F20: 0.021803845 | G20: 0.015656903 | H20: 0.012518157
D21: Default rate | E21: 0.028202115 | F21: 0.035245114 | G21: 0.034371643 | H21: 0.02136401
D22: Upper of 90% CI | E22: 0.041867135 | F22: 0.048686382 | G22: 0.053086384 | H22: 0.030209863
C23: Sub-Saharan Africa | D23: Lower of 90% CI | E23: 0.033320944 | F23: 0.066661121
D24: Default rate | E24: 0.03956208 | F24: 0.073787328
D25: Upper of 90% CI | E25: 0.045803216 | F25: 0.080913536
C26: Multiple | D26: Lower of 90% CI | E26: 0.010507239 | F26: 0.02132913 | G26: 0.0044709947 | H26: 0.021116529 | I26: 0.0026312394 | K26: 0.0049309818 | M26: Other
D27: Default Rate | E27: 0.020057307 | F27: 0.035135135 | G27: 0.018404908 | H27: 0.050724638 | I27: 0.021505376 | K27: 0.038626609
D28: Upper of 90% CI | E28: 0.029607374 | F28: 0.048941141 | G28: 0.032338821 | H28: 0.080332746 | I28: 0.040379513 | K28: 0.072322237
D29: *Confidence interval

Sheet DR_Ctry
B2: Table 16: Default rates by country
B4: ISO country code and ISO country name | C4: Counter- parties | D4: Observed years | E4: Number of defaults | F4: Number of observations | G4: Signed amount € million | H4: Lower of 90% confidence interval | I4: Average default rate | J4: Upper of 90% confidence interval
B5: AL-Albania | C5: 57 | D5: 31 | E5: 18 | F5: 297 | G5: 911.95602 | H5: 0.038564145 | I5: 0.060606061 | J5: 0.082647976
B6: AM-Armenia | C6: 123 | D6: 24 | E6: 11 | F6: 788 | G6: 2477.7848 | H6: 0.0080191733 | I6: 0.013959391 | J6: 0.019899608
B7: AR-Argentina | C7: 227 | D7: 31 | E7: 56 | F7: 1290 | G7: 6935.5223 | H7: 0.021497824 | I7: 0.043410853 | J7: 0.065323881
B8: AZ-Azerbaijan | C8: 137 | D8: 27 | E8: 32 | F8: 756 | G8: 2784.0568 | H8: 0.026204164 | I8: 0.042328042 | J8: 0.058451921
B9: BA-Bosnia and Herzegovina | C9: 85 | D9: 27 | E9: 15 | F9: 640 | G9: 2006.3716 | H9: 0.0069606376 | I9: 0.0234375 | J9: 0.039914362
B10: BD-Bangladesh | C10: 104 | D10: 29 | E10: 11 | F10: 573 | G10: 3404.5661 | H10: 0.0026103603 | I10: 0.019197208 | J10: 0.035784055
B11: BF-Burkina Faso | C11: 49 | D11: 31 | E11: 23 | F11: 264 | G11: 440.85805 | H11: 0.060455864 | I11: 0.087121212 | J11: 0.11378656
B12: BG-Bulgaria | C12: 116 | D12: 28 | E12: 22 | F12: 826 | G12: 3595.0708 | H12: 0.011787414 | I12: 0.026634383 | J12: 0.041481351
B13: BJ-Benin | C13: 31 | D13: 31 | E13: 23 | F13: 227 | G13: 260.30562 | H13: 0.068909243 | I13: 0.10132159 | J13: 0.13373393
B14: BO-Bolivia | C14: 36 | D14: 31 | E14: 11 | F14: 220 | G14: 488.41937 | H14: 0.025157786 | I14: 0.05 | J14: 0.074842214
B15: BR-Brazil | C15: 324 | D15: 31 | E15: 38 | F15: 1774 | G15: 21909.837 | H15: 0.014215256 | I15: 0.021420519 | J15: 0.028625781
B16: BW-Botswana | C16: 20 | D16: 25 | E16: 7 | F16: 94 | G16: 324.39657 | H16: 0.029483761 | I16: 0.074468085 | J16: 0.11945241
... B54: ML-Mali | C54: 55 | D54: 31 | E54: 45 | F54: 347 | G54: 463.88384 | H54: 0.10029782 | I54: 0.129683 | J54: 0.15906817
B56: ISO country code and ISO country name | C56: Counter- parties | D56: Observed years | E56: Number of defaults | F56: Number of observations | G56: Signed amount € million | H56: Lower of 90% confidence interval | I56: Average default rate | J56: Upper of 90% confidence interval
B57: MM-Myanmar | C57: 45 | D57: 11 | E57: 29 | F57: 190 | G57: 1816.1128 | H57: 0.046906614 | I57: 0.15263158 | J57: 0.25835654
B58: MN-Mongolia | C58: 96 | D58: 22 | E58: 20 | F58: 592 | G58: 3478.6205 | H58: 0.020881213 | I58: 0.033783784 | J58: 0.046686354
B59: MR-Mauritania | C59: 20 | D59: 27 | E59: 11 | F59: 129 | G59: 418.11493 | H59: 0.041346626 | I59: 0.085271318 | J59: 0.12919601
B60: MU-Mauritius | C60: 31 | D60: 31 | E60: 6 | F60: 242 | G60: 964.97546 | H60: 0.0075390072 | I60: 0.024793388 | J60: 0.04204777
B61: MX-Mexico | C61: 276 | D61: 31 | E61: 58 | F61: 1375 | G61: 11021.452 | H61: 0.030859109 | I61: 0.042181818 | J61: 0.053504527
B62: MZ-Mozambique | C62: 43 | D62: 31 | E62: 21 | F62: 288 | G62: 1448.6229 | H62: 0.051158629 | I62: 0.072916667 | J62: 0.094674705
B63: NG-Nigeria | C63: 151 | D63: 31 | E63: 41 | F63: 882 | G63: 8161.1472 | H63: 0.034474713 | I63: 0.046485261 | J63: 0.058495808
B64: NI-Nicaragua | C64: 84 | D64: 26 | E64: 16 | F64: 543 | G64: 1829.9808 | H64: 0.014825036 | I64: 0.02946593 | J64: 0.044106824
B65: NP-Nepal | C65: 25 | D65: 31 | E65: 6 | F65: 134 | G65: 459.85732 | H65: 0.0090322044 | I65: 0.044776119 | J65: 0.080520034
B66: OT-Other | C66: 299 | D66: 28 | E66: 40 | F66: 1438 | G66: 28534.941 | H66: 0.019220094 | I66: 0.027816412 | J66: 0.03641273
B67: PA-Panama | C67: 82 | D67: 31 | E67: 11 | F67: 436 | G67: 3163.074 | H67: 0.014693009 | I67: 0.025229358 | J67: 0.035765707
B68: PE-Peru | C68: 136 | D68: 31 | E68: 18 | F68: 724 | G68: 5413.7387 | H68: 0.015133563 | I68: 0.024861878 | J68: 0.034590194
... B100: ZW-Zimbabwe | C100: 41 | D100: 31 | E100: 13 | F100: 190 | G100: 2944.0995 | H100: 0.035723355 | I100: 0.068421053 | J100: 0.10111875
B101: 0-0 | C101: #N/A | D101: #N/A | E101: #N/A | F101: #N/A | G101: #N/A | H101: #N/A | I101: #N/A | J101: #N/A
B102: 0-0 | C102: #N/A | D102: #N/A | E102: #N/A | F102: #N/A | G102: #N/A | H102: #N/A | I102: #N/A | J102: #N/A
B103: 0-0 | C103: #N/A | D103: #N/A | E103: #N/A | F103: #N/A | G103: #N/A | H103: #N/A | I103: #N/A | J103: #N/A
B104: 0-0 | C104: #N/A | D104: #N/A | E104: #N/A | F104: #N/A | G104: #N/A | H104: #N/A | I104: #N/A | J104: #N/A
B105: 0-0 | C105: #N/A | D105: #N/A | E105: #N/A | F105: #N/A | G105: #N/A | H105: #N/A | I105: #N/A | J105: #N/A
B106: 0-0 | C106: #N/A | D106: #N/A | E106: #N/A | F106: #N/A | G106: #N/A | H106: #N/A | I106: #N/A | J106: #N/A
B107: 0-0 | C107: #N/A | D107: #N/A | E107: #N/A | F107: #N/A | G107: #N/A | H107: #N/A | I107: #N/A | J107: #N/A
B108: 0-0 | C108: #N/A | D108: #N/A | E108: #N/A | F108: #N/A | G108: #N/A | H108: #N/A | I108: #N/A | J108: #N/A
B109: 0-0 | C109: #N/A | D109: #N/A | E109: #N/A | F109: #N/A | G109: #N/A | H109: #N/A | I109: #N/A | J109: #N/A
B110: 0-0 | C110: #N/A | D110: #N/A | E110: #N/A | F110: #N/A | G110: #N/A | H110: #N/A | I110: #N/A | J110: #N/A
B111: 0-0 | C111: #N/A | D111: #N/A | E111: #N/A | F111: #N/A | G111: #N/A | H111: #N/A | I111: #N/A | J111: #N/A
B112: 0-0 | C112: #N/A | D112: #N/A | E112: #N/A | F112: #N/A | G112: #N/A | H112: #N/A | I112: #N/A | J112: #N/A
... B245: 0-0 | C245: #N/A | D245: #N/A | E245: #N/A | F245: #N/A | G245: #N/A | H245: #N/A | I245: #N/A | J245: #N/A
B246: Overall, including omitted categories | C246: 10476 | D246: 31 | E246: 2101 | F246: 59361 | G246: 446360.85 | H246: 0.031889333 | I246: 0.035393609 | J246: 0.038897884
B247: *This designation shall not be construed as recognition of a State of Palestine and is without prejudice to the individual positions of the Member States on this issue.

Sheet DR_Ctry_Year
B2: Table 17: Annual default rates by country
B4: ISO country code | C4: Average default rate | D4: 1994 | E4: 1995 | F4: 1996 | G4: 1997 | H4: 1998 | I4: 1999 | J4: 2000 | K4: 2001 | L4: 2002 | M4: 2003 | N4: 2004 | O4: 2005 | P4: 2006 | Q4: 2007 | R4: 2008 | S4: 2009 | T4: 2010 | U4: 2011 | V4: 2012 | W4: 2013 | X4: 2014 | Y4: 2015 | Z4: 2016 | AA4: 2017 | AB4: 2018 | AC4: 2019 | AD4: 2020 | AE4: 2021 | AF4: 2022 | AG4: 2023 | AH4: 2024
B5: AL | C5: 0.060606061 | D5: 0 | E5: 0 | F5: 0 | G5: 0 | H5: 0.33333333 | I5: 0 | J5: 0 | K5: 0 | L5: 0 | M5: 0 | N5: 0 | O5: 0 | P5: 0 | Q5: 0 | R5: 0 | S5: 0 | T5: 0.21428571 | U5: 0.058823529 | V5: 0.05 | W5: 0.08 | X5: 0.043478261 | Y5: 0.090909091 | Z5: 0.17647059 | AA5: 0.2 | AB5: 0 | AC5: 0 | AD5: 0 | AE5: 0.090909091 | AF5: 0 | AG5: 0 | AH5: 0
B6: AM | C6: 0.013959391 | K6: 0 | L6: 0 | M6: 0 | N6: 0 | O6: 0 | P6: 0 | Q6: 0 | R6: 0 | S6: 0 | T6: 0.052631579 | U6: 0.040816327 | V6: 0 | W6: 0.018518519 | X6: 0 | Y6: 0.016949153 | Z6: 0.017241379 | AA6: 0 | AB6: 0 | AC6: 0.023255814 | AD6: 0.05 | AE6: 0 | AF6: 0 | AG6: 0.027027027 | AH6: 0
B7: AR | C7: 0.043410853 | D7: 0 | E7: 0.014492754 | F7: 0 | G7: 0.013888889 | H7: 0.018181818 | I7: 0.037735849 | J7: 0.063829787 | K7: 0.021276596 | L7: 0.32 | M7: 0.26666667 | N7: 0.04 | O7: 0.043478261 | P7: 0.11111111 | Q7: 0 | R7: 0.125 | S7: 0 | T7: 0 | U7: 0 | V7: 0 | W7: 0.066666667 | X7: 0 | Y7: 0 | Z7: 0 | AA7: 0 | AB7: 0.073170732 | AC7: 0.057692308 | AD7: 0.081967213 | AE7: 0.037037037 | AF7: 0 | AG7: 0 | AH7: 0.019607843
B8: AZ | C8: 0.042328042 | H8: 0 | I8: 0 | J8: 0 | K8: 0 | L8: 0 | M8: 0 | N8: 0 | O8: 0 | P8: 0 | Q8: 0 | R8: 0.03030303 | S8: 0.02173913 | T8: 0.020833333 | U8: 0.021276596 | V8: 0.02173913 | W8: 0.044444444 | X8: 0 | Y8: 0.052631579 | Z8: 0.14545455 | AA8: 0.175 | AB8: 0.076923077 | AC8: 0.043478261 | AD8: 0.041666667 | AE8: 0 | AF8: 0.1 | AG8: 0.052631579 | AH8: 0
B9: BA | C9: 0.0234375 | H9: 0 | I9: 0 | J9: 0.27272727 | K9: 0.2 | L9: 0.125 | M9: 0 | N9: 0 | O9: 0 | P9: 0 | Q9: 0.038461538 | R9: 0 | S9: 0 | T9: 0.083333333 | U9: 0 | V9: 0.054054054 | W9: 0 | X9: 0.09375 | Y9: 0 | Z9: 0 | AA9: 0 | AB9: 0 | AC9: 0 | AD9: 0 | AE9: 0 | AF9: 0 | AG9: 0 | AH9: 0
B10: BD | C10: 0.019197208 | D10: 0 | E10: 0 | F10: 0 | G10: 1 | J10: 0 | K10: 0.25 | L10: 0 | M10: 0 | N10: 0.083333333 | O10: 0 | P10: 0.090909091 | Q10: 0.083333333 | R10: 0.076923077 | S10: 0 | T10: 0 | U10: 0.076923077 | V10: 0 | W10: 0.047619048 | X10: 0 | Y10: 0 | Z10: 0 | AA10: 0 | AB10: 0 | AC10: 0 | AD10: 0.022222222 | AE10: 0.055555556 | AF10: 0 | AG10: 0 | AH10: 0
B11: BF | C11: 0.087121212 | D11: 0 | E11: 0 | F11: 0 | G11: 0 | H11: 0 | I11: 0 | J11: 0.4 | K11: 0 | L11: 0 | M11: 0 | N11: 0.083333333 | O11: 0.16666667 | P11: 0.16666667 | Q11: 0.090909091 | R11: 0.083333333 | S11: 0.076923077 | T11: 0 | U11: 0.16666667 | V11: 0.2 | W11: 0.125 | X11: 0.25 | Y11: 0 | Z11: 0 | AA11: 0.25 | AB11: 0 | AC11: 0.14285714 | AD11: 0 | AE11: 0 | AF11: 0 | AG11: 0.058823529 | AH11: 0.15789474
B12: BG | C12: 0.026634383 | G12: 0 | H12: 0.25 | I12: 0.28571429 | J12: 0.22222222 | K12: 0 | L12: 0 | M12: 0.14285714 | N12: 0 | O12: 0 | P12: 0 | Q12: 0 | R12: 0.058823529 | S12: 0 | T12: 0 | U12: 0.05 | V12: 0 | W12: 0.023255814 | X12: 0.066666667 | Y12: 0 | Z12: 0.020833333 | AA12: 0.042553191 | AB12: 0 | AC12: 0 | AD12: 0.051282051 | AE12: 0 | AF12: 0 | AG12: 0 | AH12: 0.058823529
B13: BJ | C13: 0.10132159 | D13: 0 | E13: 0 | F13: 0 | G13: 0 | H13: 0.14285714 | I13: 0 | J13: 0.28571429 | K13: 0.3 | L13: 0 | M13: 0.22222222 | N13: 0 | O13: 0.2 | P13: 0 | Q13: 0.22222222 | R13: 0 | S13: 0 | T13: 0.125 | U13: 0.14285714 | V13: 0.25 | W13: 0.25 | X13: 0 | Y13: 0 | Z13: 0.14285714 | AA13: 0 | AB13: 0 | AC13: 0 | AD13: 0.125 | AE13: 0 | AF13: 0 | AG13: 0.22222222 | AH13: 0.090909091
B14: BO | C14: 0.05 | D14: 0 | E14: 0 | F14: 0 | G14: 0.2 | H14: 0 | I14: 0 | J14: 0 | K14: 0.090909091 | L14: 0.125 | M14: 0.25 | N14: 0 | O14: 0.1 | P14: 0 | Q14: 0 | R14: 0 | S14: 0 | T14: 0 | U14: 0.14285714 | V14: 0.28571429 | W14: 0 | X14: 0 | Y14: 0 | Z14: 0 | AA14: 0.125 | AB14: 0 | AC14: 0 | AD14: 0 | AE14: 0 | AF14: 0 | AG14: 0.2 | AH14: 0
B15: BR | C15: 0.021420519 | D15: 0 | E15: 0 | F15: 0 | G15: 0.052631579 | H15: 0 | I15: 0 | J15: 0.016949153 | K15: 0 | L15: 0.056338028 | M15: 0.057971014 | N15: 0 | O15: 0.016949153 | P15: 0 | Q15: 0.019607843 | R15: 0.01754386 | S15: 0.061538462 | T15: 0 | U15: 0 | V15: 0.036363636 | W15: 0.042553191 | X15: 0.069767442 | Y15: 0.017241379 | Z15: 0.079365079 | AA15: 0.035714286 | AB15: 0 | AC15: 0 | AD15: 0.032258065 | AE15: 0.014492754 | AF15: 0 | AG15: 0.012048193 | AH15: 0.011627907
B16: BW | C16: 0.074468085 | J16: 0 | K16: 0 | L16: 0.5 | M16: 0 | N16: 0 | O16: 0.25 | P16: 0.33333333 | Q16: 0.5 | R16: 0 | S16: 0 | T16: 0 | U16: 0 | V16: 0.25 | W16: 0 | X16: 0 | Y16: 0 | Z16: 0 | AA16: 0 | AB16: 0.25 | AC16: 0.125 | AD16: 0 | AE16: 0 | AF16: 0 | AG16: 0 | AH16: 0
B17: BY | C17: 0.044444444 | N17: 0 | O17: 0 | P17: 0 | Q17: 0 | R17: 0 | S17: 0 | T17: 0 | U17: 0.0625 | V17: 0.11111111 | W17: 0 | X17: 0.041666667 | Y17: 0.047619048 | Z17: 0 | AA17: 0 | AB17: 0 | AC17: 0 | AD17: 0 | AE17: 0.041666667 | AF17: 0.31818182 | AG17: 0.11111111 | AH17: 0
B18: CD | C18: 0.042553191 | D18: 0 | E18: 0 | F18: 0 | G18: 0 | H18: 0 | M18: 0 | N18: 0 | O18: 0 | P18: 0 | Q18: 0 | R18: 0 | S18: 0.33333333 | T18: 0 | U18: 0 | V18: 0 | W18: 0 | X18: 0 | Y18: 0 | Z18: 0.090909091 | AA18: 0.1 | AB18: 0.1 | AC18: 0.090909091 | AD18: 0.090909091 | AE18: 0 | AF18: 0 | AG18: 0 | AH18: 0
B19: CI | C19: 0.088626292 | D19: 0.076923077 | E19: 0 | F19: 0 | G19: 0.090909091 | H19: 0.095238095 | I19: 0.13636364 | J19: 0.18181818 | K19: 0.15 | L19: 0.11764706 | M19: 0.21428571 | N19: 0.090909091 | O19: 0 | P19: 0.18181818 | Q19: 0.11111111 | R19: 0.22222222 | S19: 0 | T19: 0.11111111 | U19: 0.11111111 | V19: 0 | W19: 0.066666667 | X19: 0.13636364 | Y19: 0.16 | Z19: 0.076923077 | AA19: 0.037037037 | AB19: 0.035714286 | AC19: 0.09375 | AD19: 0.10526316 | AE19: 0.065217391 | AF19: 0.065217391 | AG19: 0.065217391 | AH19: 0.074074074
B20: CL | C20: 0.050108932 | D20: 0 | E20: 0.076923077 | F20: 0.071428571 | G20: 0 | H20: 0.076923077 | I20: 0 | J20: 0 | K20: 0 | L20: 0.2 | M20: 0 | N20: 0 | O20: 0 | P20: 0 | Q20: 0 | R20: 0 | S20: 0 | T20: 0 | U20: 0 | V20: 0 | W20: 0 | X20: 0.083333333 | Y20: 0.029411765 | Z20: 0.18421053 | AA20: 0.14285714 | AB20: 0.034482759 | AC20: 0.035714286 | AD20: 0.076923077 | AE20: 0 | AF20: 0 | AG20: 0.037037037 | AH20: 0
B21: CM | C21: 0.056511057 | D21: 0 | E21: 0 | F21: 0.14285714 | G21: 0 | H21: 0 | I21: 0.16666667 | J21: 0 | K21: 0.125 | L21: 0 | M21: 0 | N21: 0.083333333 | O21: 0 | P21: 0.33333333 | Q21: 0.18181818 | R21: 0 | S21: 0.090909091 | T21: 0.1 | U21: 0 | V21: 0 | W21: 0 | X21: 0 | Y21: 0 | Z21: 0.17647059 | AA21: 0.066666667 | AB21: 0 | AC21: 0.090909091 | AD21: 0 | AE21: 0 | AF21: 0.08 | AG21: 0.16666667 | AH21: 0
B22: CN | C22: 0.030154849 | D22: 0 | E22: 0.16666667 | F22: 0.16666667 | G22: 0 | H22: 0 | I22: 0 | J22: 0 | K22: 0.071428571 | L22: 0.05 | M22: 0.055555556 | N22: 0 | O22: 0.055555556 | P22: 0.13043478 | Q22: 0.0625 | R22: 0 | S22: 0.037735849 | T22: 0.037037037 | U22: 0.017857143 | V22: 0 | W22: 0.035087719 | X22: 0.10344828 | Y22: 0.066666667 | Z22: 0.017241379 | AA22: 0 | AB22: 0.015873016 | AC22: 0.03030303 | AD22: 0.03125 | AE22: 0.01369863 | AF22: 0 | AG22: 0.014285714 | AH22: 0.015151515
B23: CO | C23: 0.027536232 | D23: 0 | E23: 0 | F23: 0 | G23: 0 | H23: 0 | I23: 0.11111111 | J23: 0 | K23: 0 | L23: 0 | M23: 0.16666667 | N23: 0 | O23: 0 | P23: 0 | Q23: 0 | R23: 0 | S23: 0 | T23: 0 | U23: 0 | V23: 0 | W23: 0 | X23: 0 | Y23: 0.025641026 | Z23: 0.026315789 | AA23: 0.068181818 | AB23: 0.025641026 | AC23: 0.1025641 | AD23: 0.090909091 | AE23: 0.022727273 | AF23: 0 | AG23: 0.035714286 | AH23: 0
B24: CR | C24: 0.014104372 | D24: 0 | E24: 0 | F24: 0 | G24: 0 | H24: 0 | I24: 0 | J24: 0.16666667 | K24: 0 | L24: 0 | M24: 0.2 | N24: 0 | O24: 0 | P24: 0 | Q24: 0 | R24: 0.16666667 | S24: 0 | T24: 0 | U24: 0 | V24: 0 | W24: 0.066666667 | X24: 0 | Y24: 0.035714286 | Z24: 0 | AA24: 0.015384615 | AB24: 0 | AC24: 0 | AD24: 0.017241379 | AE24: 0 | AF24: 0 | AG24: 0 | AH24: 0.044444444
B25: CZ | C25: 0.014423077 | D25: 0 | E25: 0.11111111 | F25: 0.083333333 | G25: 0 | H25: 0 | I25: 0 | J25: 0.16666667 | K25: 0 | L25: 0 | M25: 0 | N25: 0 | O25: 0 | P25: 0 | Q25: 0 | R25: 0 | S25: 0 | T25: 0 | U25: 0 | V25: 0 | W25: 0 | X25: 0 | Y25: 0 | Z25: 0 | AA25: 0 | AB25: 0 | AC25: 0 | AD25: 0 | AE25: 0 | AF25: 0 | AG25: 0 | AH25: 0
B26: DO | C26: 0.025522042 | D26: 0 | E26: 0 | F26: 0 | G26: 0 | H26: 0 | I26: 0 | J26: 0 | K26: 0.14285714 | L26: 0 | M26: 0.14285714 | N26: 0.375 | O26: 0 | P26: 0.083333333 | Q26: 0 | R26: 0 | S26: 0 | T26: 0 | U26: 0 | V26: 0.055555556 | W26: 0 | X26: 0 | Y26: 0.083333333 | Z26: 0 | AA26: 0.047619048 | AB26: 0.045454545 | AC26: 0 | AD26: 0 | AE26: 0 | AF26: 0 | AG26: 0 | AH26: 0
B27: EC | C27: 0.010706638 | D27: 0 | E27: 0 | F27: 0 | G27: 0 | H27: 0 | I27: 0.33333333 | J27: 0.2 | K27: 0 | L27: 0.25 | M27: 0 | N27: 0 | O27: 0 | P27: 0 | Q27: 0 | R27: 0 | S27: 0.25 | T27: 0 | U27: 0 | V27: 0 | W27: 0 | X27: 0 | Y27: 0 | Z27: 0.029411765 | AA27: 0 | AB27: 0 | AC27: 0 | AD27: 0 | AE27: 0 | AF27: 0 | AG27: 0 | AH27: 0
B28: EG | C28: 0.023952096 | D28: 0.125 | E28: 0 | F28: 0.090909091 | G28: 0 | H28: 0 | I28: 0.058823529 | J28: 0 | K28: 0.071428571 | L28: 0.17647059 | M28: 0.055555556 | N28: 0 | O28: 0.043478261 | P28: 0 | Q28: 0 | R28: 0.035714286 | S28: 0.038461538 | T28: 0.086956522 | U28: 0.045454545 | V28: 0 | W28: 0 | X28: 0.095238095 | Y28: 0.045454545 | Z28: 0.038461538 | AA28: 0.033333333 | AB28: 0.023809524 | AC28: 0.028571429 | AD28: 0.019230769 | AE28: 0.0096153846 | AF28: 0.0096153846 | AG28: 0 | AH28: 0
B29: GA | C29: 0.063157895 | D29: 0 | E29: 0 | F29: 0 | G29: 0.5 | K29: 0 | L29: 0 | M29: 0 | N29: 0 | O29: 0.33333333 | P29: 0 | Q29: 0 | R29: 0 | S29: 0 | T29: 0.5 | U29: 0 | V29: 0 | W29: 0 | X29: 0 | Y29: 0 | Z29: 0 | AA29: 0.5 | AB29: 0 | AC29: 0 | AD29: 0 | AE29: 0 | AF29: 0 | AG29: 0.083333333 | AH29: 0.076923077
B30: GE | C30: 0.027678571 | H30: 0 | I30: 0 | J30: 0 | K30: 0.25 | L30: 0.16666667 | M30: 0 | N30: 0 | O30: 0 | P30: 0 | Q30: 0 | R30: 0.088235294 | S30: 0.025641026 | T30: 0.048780488 | U30: 0.065217391 | V30: 0 | W30: 0 | X30: 0 | Y30: 0.048387097 | Z30: 0 | AA30: 0.037037037 | AB30: 0.070588235 | AC30: 0 | AD30: 0.052631579 | AE30: 0.027027027 | AF30: 0 | AG30: 0.014492754 | AH30: 0
B31: GH | C31: 0.06132879 | D31: 0.11111111 | E31: 0.11111111 | F31: 0 | G31: 0 | H31: 0.14285714 | I31: 0 | J31: 0 | K31: 0 | L31: 0 | M31: 0.2 | N31: 0 | O31: 0.2 | P31: 0 | Q31: 0 | R31: 0.083333333 | S31: 0.076923077 | T31: 0.055555556 | U31: 0 | V31: 0.043478261 | W31: 0.035714286 | X31: 0.035714286 | Y31: 0.0625 | Z31: 0.09375 | AA31: 0.028571429 | AB31: 0.076923077 | AC31: 0.026315789 | AD31: 0.027777778 | AE31: 0.076923077 | AF31: 0.055555556 | AG31: 0.14285714 | AH31: 0.12121212
B32: GN | C32: 0.080357143 | D32: 0 | E32: 0 | F32: 0 | G32: 0.75 | H32: 0.5 | I32: 0 | J32: 0 | K32: 0.5 | L32: 0 | M32: 0 | N32: 0 | O32: 0 | P32: 0.5 | Q32: 0 | R32: 0 | S32: 0 | T32: 0 | U32: 0 | V32: 0 | W32: 0 | X32: 0 | Y32: 0 | Z32: 0 | AA32: 0 | AB32: 0 | AC32: 0 | AD32: 0.16666667 | AE32: 0.090909091 | AF32: 0 | AG32: 0 | AH32: 0
B33: GT | C33: 0.01826484 | D33: 0 | E33: 0 | F33: 0 | G33: 0 | H33: 0 | I33: 0 | J33: 0 | K33: 0 | L33: 0 | M33: 0 | N33: 0 | O33: 0 | P33: 0 | Q33: 0 | R33: 0 | S33: 0 | T33: 0 | U33: 0 | V33: 0 | W33: 0 | X33: 0 | Y33: 0.026315789 | Z33: 0.027777778 | AA33: 0.032258065 | AB33: 0.10344828 | AC33: 0.035714286 | AD33: 0.041666667 | AE33: 0 | AF33: 0 | AG33: 0 | AH33: 0
B34: HN | C34: 0.021825397 | E34: 0 | F34: 0 | G34: 0 | H34: 0 | I34: 0 | J34: 0 | K34: 0 | L34: 0 | M34: 0.33333333 | N34: 0 | O34: 0 | P34: 0 | Q34: 0 | R34: 0 | S34: 0 | T34: 0 | U34: 0 | V34: 0 | W34: 0 | X34: 0 | Y34: 0.034482759 | Z34: 0.054545455 | AA34: 0 | AB34: 0.02 | AC34: 0.022222222 | AD34: 0 | AE34: 0 | AF34: 0 | AG34: 0.11538462 | AH34: 0
B35: HR | C35: 0.022271715 | F35: 0 | G35: 0 | H35: 0 | I35: 0.11111111 | J35: 0.22222222 | K35: 0 | L35: 0.066666667 | M35: 0.0625 | N35: 0 | O35: 0 | P35: 0 | Q35: 0 | R35: 0 | S35: 0.055555556 | T35: 0 | U35: 0.052631579 | V35: 0.058823529 | W35: 0 | X35: 0 | Y35: 0 | Z35: 0 | AA35: 0 | AB35: 0 | AC35: 0 | AD35: 0.045454545 | AE35: 0.071428571 | AF35: 0 | AG35: 0 | AH35: 0
B36: HT | C36: 0.090909091 | F36: 0 | G36: 0 | H36: 0 | I36: 0 | J36: 0 | K36: 0 | L36: 0 | M36: 0 | N36: 0 | O36: 0 | P36: 0 | Q36: 0 | T36: 0 | U36: 0 | V36: 0 | W36: 0.2 | X36: 0 | Y36: 0 | Z36: 0.0625 | AA36: 0.066666667 | AB36: 0 | AC36: 0.41666667 | AD36: 0.1 | AE36: 0.1 | AF36: 0 | AG36: 0.33333333 | AH36: 0
B37: HU | C37: 0.019417476 | D37: 0 | E37: 0 | F37: 0.055555556 | G37: 0.058823529 | H37: 0 | I37: 0 | J37: 0 | K37: 0.090909091 | L37: 0.1 | M37: 0 | N37: 0 | O37: 0 | P37: 0 | Q37: 0 | R37: 0 | S37: 0 | T37: 0 | U37: 0 | V37: 0.076923077 | W37: 0 | X37: 0 | Y37: 0 | Z37: 0 | AA37: 0 | AB37: 0 | AC37: 0 | AD37: 0 | AE37: 0 | AF37: 0 | AG37: 0 | AH37: 0.25
B38: ID | C38: 0.044285714 | D38: 0 | E38: 0 | F38: 0 | G38: 0 | H38: 0.4137931 | I38: 0.058823529 | J38: 0.0625 | K38: 0.071428571 | L38: 0.071428571 | M38: 0 | N38: 0.14285714 | O38: 0 | P38: 0 | Q38: 0 | R38: 0 | S38: 0 | T38: 0 | U38: 0 | V38: 0.047619048 | W38: 0 | X38: 0 | Y38: 0 | Z38: 0.038461538 | AA38: 0.034482759 | AB38: 0.03125 | AC38: 0.029411765 | AD38: 0.14285714 | AE38: 0.034482759 | AF38: 0 | AG38: 0 | AH38: 0.057142857
B39: IN | C39: 0.026354863 | D39: 0 | E39: 0 | F39: 0 | G39: 0.071428571 | H39: 0.096774194 | I39: 0 | J39: 0 | K39: 0.095238095 | L39: 0.13636364 | M39: 0.125 | N39: 0.14285714 | O39: 0.038461538 | P39: 0 | Q39: 0 | R39: 0.045454545 | S39: 0.034482759 | T39: 0.014925373 | U39: 0.051948052 | V39: 0 | W39: 0.04040404 | X39: 0.054054054 | Y39: 0.0069444444 | Z39: 0.030864198 | AA39: 0 | AB39: 0.029585799 | AC39: 0.05027933 | AD39: 0.047120419 | AE39: 0.016216216 | AF39: 0.0054644809 | AG39: 0.01010101 | AH39: 0.0048780488
B40: JM | C40: 0.021978022 | D40: 0 | E40: 0 | F40: 0 | G40: 0 | H40: 0.25 | I40: 0 | J40: 0.5 | K40: 0 | L40: 0 | M40: 0.28571429 | N40: 0 | O40: 0 | P40: 0 | Q40: 0 | R40: 0 | S40: 0 | T40: 0 | U40: 0 | V40: 0.071428571 | W40: 0 | X40: 0 | Y40: 0 | Z40: 0 | AA40: 0 | AB40: 0 | AC40: 0 | AD40: 0 | AE40: 0 | AF40: 0 | AG40: 0.125 | AH40: 0
B41: JO | C41: 0.016883117 | D41: 0 | E41: 0 | F41: 0.5 | G41: 0 | H41: 0 | I41: 0 | J41: 0 | K41: 0 | L41: 0.16666667 | M41: 0 | N41: 0.090909091 | O41: 0.125 | P41: 0 | Q41: 0 | R41: 0 | S41: 0 | T41: 0 | U41: 0 | V41: 0 | W41: 0.052631579 | X41: 0 | Y41: 0 | Z41: 0 | AA41: 0.01754386 | AB41: 0 | AC41: 0.016666667 | AD41: 0.015873016 | AE41: 0.015873016 | AF41: 0.015873016 | AG41: 0.016949153 | AH41: 0
B42: KE | C42: 0.038787879 | D42: 0 | E42: 0 | F42: 0 | G42: 0 | H42: 0.2 | I42: 0 | J42: 0.11111111 | K42: 0.16666667 | L42: 0 | M42: 0.11111111 | N42: 0 | O42: 0.1 | P42: 0 | Q42: 0.090909091 | R42: 0.083333333 | S42: 0 | T42: 0 | U42: 0 | V42: 0.05 | W42: 0 | X42: 0.055555556 | Y42: 0 | Z42: 0.06 | AA42: 0.04 | AB42: 0.06122449 | AC42: 0.032786885 | AD42: 0.059701493 | AE42: 0.016393443 | AF42: 0 | AG42: 0.070422535 | AH42: 0.012987013
B43: KG | C43: 0.0025188917 | F43: 0 | G43: 0 | H43: 0 | I43: 0 | J43: 0 | K43: 0 | L43: 0 | M43: 0 | N43: 0 | O43: 0 | P43: 0 | Q43: 0 | R43: 0 | S43: 0 | T43: 0 | U43: 0 | V43: 0 | W43: 0.037037037 | X43: 0 | Y43: 0 | Z43: 0 | AA43: 0 | AB43: 0 | AC43: 0 | AD43: 0 | AE43: 0 | AF43: 0 | AG43: 0 | AH43: 0
B44: KH | C44: 0.01119403 | O44: 0 | P44: 0 | Q44: 0 | R44: 0 | S44: 0 | T44: 0 | U44: 0 | V44: 0 | W44: 0 | X44: 0 | Y44: 0 | Z44: 0 | AA44: 0 | AB44: 0 | AC44: 0 | AD44: 0.045454545 | AE44: 0.05 | AF44: 0 | AG44: 0 | AH44: 0.032258065
B45: KZ | C45: 0.015892421 | G45: 0 | H45: 0 | I45: 0 | J45: 0 | K45: 0.1 | L45: 0 | M45: 0 | N45: 0 | O45: 0 | P45: 0 | Q45: 0 | R45: 0 | S45: 0.0625 | T45: 0.066666667 | U45: 0.068965517 | V45: 0.068965517 | W45: 0 | X45: 0.048780488 | Y45: 0 | Z45: 0 | AA45: 0 | AB45: 0 | AC45: 0 | AD45: 0.04 | AE45: 0 | AF45: 0 | AG45: 0 | AH45: 0
B46: LB | C46: 0.09947644 | D46: 0 | E46: 0 | F46: 0 | G46: 0 | H46: 0.083333333 | I46: 0 | J46: 0 | K46: 0.14285714 | L46: 0.15384615 | M46: 0 | N46: 0.22222222 | O46: 0 | P46: 0 | Q46: 0 | R46: 0 | S46: 0.071428571 | T46: 0 | U46: 0 | V46: 0 | W46: 0 | X46: 0 | Y46: 0 | Z46: 0.05 | AA46: 0 | AB46: 0 | AC46: 0.3 | AD46: 0.73913043 | AE46: 0.5 | AF46: 0 | AG46: 0 | AH46: 0
B47: LK | C47: 0.053254438 | D47: 0 | G47: 0 | H47: 0 | I47: 0 | J47: 0 | K47: 0 | L47: 0 | M47: 0 | N47: 0 | O47: 0 | P47: 0 | Q47: 0 | R47: 0 | S47: 0 | T47: 0 | U47: 0 | V47: 0 | W47: 0 | X47: 0.0625 | Y47: 0 | Z47: 0 | AA47: 0 | AB47: 0 | AC47: 0 | AD47: 0 | AE47: 0.083333333 | AF47: 0.55555556 | AG47: 0 | AH47: 0
B48: LT | C48: 0.052083333 | F48: 0 | G48: 0.25 | H48: 0 | I48: 0 | J48: 0 | K48: 0 | L48: 0.125 | M48: 0.125 | N48: 0 | O48: 0 | P48: 0 | Q48: 0 | R48: 0 | S48: 0 | T48: 0 | U48: 0 | V48: 0 | W48: 0 | X48: 0 | Y48: 0 | Z48: 0 | AA48: 0 | AD48: 0 | AE48: 0 | AF48: 0.33333333 | AG48: 0 | AH48: 0.14285714
B49: MA | C49: 0.020522388 | D49: 0.083333333 | E49: 0 | F49: 0 | G49: 0 | H49: 0 | I49: 0 | J49: 0 | K49: 0 | L49: 0 | M49: 0 | N49: 0 | O49: 0.083333333 | P49: 0 | Q49: 0 | R49: 0 | S49: 0 | T49: 0.083333333 | U49: 0 | V49: 0.25 | W49: 0 | X49: 0 | Y49: 0 | Z49: 0.086956522 | AA49: 0 | AB49: 0 | AC49: 0 | AD49: 0.046511628 | AE49: 0 | AF49: 0 | AG49: 0.051282051 | AH49: 0
B50: MD | C50: 0.013333333 | F50: 0 | G50: 0 | H50: 0 | I50: 0.16666667 | J50: 0 | K50: 0 | L50: 0 | M50: 0 | N50: 0 | O50: 0 | P50: 0 | Q50: 0 | R50: 0 | S50: 0 | T50: 0.045454545 | U50: 0.043478261 | V50: 0 | W50: 0 | X50: 0.03125 | Y50: 0.060606061 | Z50: 0.034482759 | AA50: 0 | AB50: 0 | AC50: 0 | AD50: 0 | AE50: 0 | AF50: 0 | AG50: 0 | AH50: 0
B51: ME | C51: 0.023346304 | M51: 0 | N51: 0 | O51: 0 | P51: 0.25 | Q51: 0 | R51: 0 | S51: 0 | T51: 0.076923077 | U51: 0 | V51: 0 | W51: 0 | X51: 0 | Y51: 0 | Z51: 0.045454545 | AA51: 0 | AB51: 0.10526316 | AC51: 0 | AD51: 0 | AE51: 0.055555556 | AF51: 0 | AG51: 0 | AH51: 0
B52: MG | C52: 0.066666667 | D52: 0 | E52: 0 | F52: 0 | G52: 0 | H52: 0 | I52: 0 | J52: 0 | K52: 0 | L52: 0.1 | M52: 0 | N52: 0 | O52: 0.44444444 | P52: 0.14285714 | Q52: 0 | R52: 0 | S52: 0 | T52: 0.11111111 | U52: 0 | V52: 0.22222222 | W52: 0 | X52: 0 | Y52: 0 | Z52: 0.75 | AA52: 0 | AB52: 0.33333333 | AC52: 0 | AD52: 0 | AE52: 0.33333333 | AF52: 0 | AG52: 0 | AH52: 0
B53: MK | C53: 0.012698413 | F53: 0 | G53: 0 | H53: 0 | I53: 0 | J53: 0.16666667 | K53: 0 | L53: 0.125 | M53: 0 | N53: 0 | O53: 0 | P53: 0 | Q53: 0 | R53: 0 | S53: 0 | T53: 0.25 | U53: 0 | V53: 0 | W53: 0 | X53: 0 | Y53: 0 | Z53: 0 | AA53: 0 | AB53: 0 | AC53: 0 | AD53: 0 | AE53: 0 | AF53: 0 | AG53: 0 | AH53: 0
B54: ML | C54: 0.129683 | D54: 0 | E54: 0 | F54: 0 | G54: 0.090909091 | H54: 0.16666667 | I54: 0.18181818 | J54: 0 | K54: 0.090909091 | L54: 0.13333333 | M54: 0.35714286 | N54: 0.25 | O54: 0.18181818 | P54: 0.125 | Q54: 0 | R54: 0 | S54: 0 | T54: 0.1 | U54: 0.25 | V54: 0 | W54: 0 | X54: 0.14285714 | Y54: 0.1 | Z54: 0.0625 | AA54: 0.071428571 | AB54: 0.16666667 | AC54: 0.16666667 | AD54: 0.066666667 | AE54: 0.066666667 | AF54: 0.17647059 | AG54: 0.1875 | AH54: 0.35714286
B56: =B4 -> ISO country code | C56: =C4 -> Average default rate | D56: =D4 -> 1994 | E56: =E4 -> 1995 | F56: =F4 -> 1996 | G56: =G4 -> 1997 | H56: =H4 -> 1998 | I56: =I4 -> 1999 | ... AH56: =AH4 -> 2024
B57: MM | C57: 0.15263158 | X57: 0 | Y57: 0 | Z57: 0 | AA57: 0 | AB57: 0 | AC57: 0.027777778 | AD57: 0.057142857 | AE57: 0.51515152 | AF57: 0.375 | AG57: 0.375 | AH57: 0
B58: MN | C58: 0.033783784 | M58: 0 | N58: 0 | O58: 0 | P58: 0 | Q58: 0 | R58: 0 | S58: 0 | T58: 0 | U58: 0 | V58: 0 | W58: 0.029411765 | X58: 0.073170732 | Y58: 0.048780488 | Z58: 0.071428571 | AA58: 0 | AB58: 0.068181818 | AC58: 0 | AD58: 0.11111111 | AE58: 0.024390244 | AF58: 0 | AG58: 0.047619048 | AH58: 0
B59: MR | C59: 0.085271318 | H59: 0 | I59: 0.25 | J59: 0 | K59: 0 | L59: 0.2 | M59: 0 | N59: 0 | O59: 0.28571429 | P59: 0.11111111 | Q59: 0.11111111 | R59: 0 | S59: 0.42857143 | T59: 0 | U59: 0 | V59: 0.4 | W59: 0 | X59: 0 | Y59: 0 | Z59: 0 | AA59: 0 | AB59: 0 | AC59: 0 | AD59: 0 | AE59: 0 | AF59: 0 | AG59: 0 | AH59: 0
B60: MU | C60: 0.024793388 | D60: 0 | E60: 0 | F60: 0 | G60: 0 | H60: 0 | I60: 0 | J60: 0 | K60: 0 | L60: 0 | M60: 0 | N60: 0 | O60: 0 | P60: 0 | Q60: 0 | R60: 0 | S60: 0 | T60: 0 | U60: 0 | V60: 0 | W60: 0.076923077 | X60: 0.076923077 | Y60: 0 | Z60: 0.11111111 | AA60: 0 | AB60: 0.28571429 | AC60: 0 | AD60: 0 | AE60: 0 | AF60: 0 | AG60: 0 | AH60: 0.11111111
B61: MX | C61: 0.042181818 | D61: 0 | E61: 0 | F61: 0 | G61: 0 | H61: 0 | I61: 0 | J61: 0 | K61: 0.03030303 | L61: 0.09375 | M61: 0.032258065 | N61: 0.090909091 | O61: 0.033333333 | P61: 0 | Q61: 0.0625 | R61: 0 | S61: 0.19230769 | T61: 0.1 | U61: 0 | V61: 0.047619048 | W61: 0.13793103 | X61: 0.037037037 | Y61: 0.016949153 | Z61: 0.042253521 | AA61: 0.056338028 | AB61: 0.014925373 | AC61: 0.050632911 | AD61: 0.083333333 | AE61: 0.066666667 | AF61: 0.035714286 | AG61: 0.023809524 | AH61: 0.034482759
B62: MZ | C62: 0.072916667 | D62: 0 | E62: 0 | F62: 0 | G62: 0.33333333 | H62: 0 | I62: 0 | J62: 0 | K62: 0.22222222 | L62: 0.11111111 | M62: 0 | N62: 0 | O62: 0.083333333 | P62: 0 | Q62: 0.083333333 | R62: 0.090909091 | S62: 0.076923077 | T62: 0.071428571 | U62: 0 | V62: 0 | W62: 0 | X62: 0.18181818 | Y62: 0.18181818 | Z62: 0.1 | AA62: 0.11111111 | AB62: 0.090909091 | AC62: 0 | AD62: 0.1 | AE62: 0.22222222 | AF62: 0 | AG62: 0.090909091 | AH62: 0.083333333
B63: NG | C63: 0.046485261 | D63: 0.25 | E63: 0 | F63: 0 | G63: 0 | H63: 0.33333333 | I63: 0 | J63: 0 | K63: 0 | L63: 0 | M63: 0.11111111 | N63: 0.2 | O63: 0 | P63: 0 | Q63: 0.086956522 | R63: 0.035714286 | S63: 0.076923077 | T63: 0 | U63: 0.032258065 | V63: 0.096774194 | W63: 0 | X63: 0.025641026 | Y63: 0.053571429 | Z63: 0.06557377 | AA63: 0.095238095 | AB63: 0.05 | AC63: 0.015873016 | AD63: 0.017857143 | AE63: 0.051724138 | AF63: 0.018518519 | AG63: 0.039215686 | AH63: 0.04
B64: NI | C64: 0.02946593 | I64: 0 | J64: 0 | K64: 0 | L64: 0 | M64: 0.33333333 | N64: 0 | O64: 0 | P64: 0 | Q64: 0 | R64: 0 | S64: 0.18181818 | T64: 0.11111111 | U64: 0 | V64: 0 | W64: 0.083333333 | X64: 0.083333333 | Y64: 0 | Z64: 0 | AA64: 0 | AB64: 0.0625 | AC64: 0.044444444 | AD64: 0.065217391 | AE64: 0 | AF64: 0 | AG64: 0.05 | AH64: 0
B65: NP | C65: 0.044776119 | D65: 0 | E65: 0 | F65: 0 | G65: 0 | H65: 0 | I65: 0 | J65: 0.33333333 | K65: 0.5 | L65: 0 | M65: 0 | N65: 0 | O65: 0 | P65: 0 | Q65: 0 | R65: 0 | S65: 0 | T65: 0 | U65: 0 | V65: 0 | W65: 0 | X65: 0 | Y65: 0 | Z65: 0 | AA65: 0 | AB65: 0 | AC65: 0 | AD65: 0.33333333 | AE65: 0 | AF65: 0 | AG65: 0 | AH65: 0
B66: OT | C66: 0.027816412 | F66: 0 | G66: 0 | H66: 0 | I66: 0 | J66: 0 | K66: 0 | L66: 0.5 | M66: 0 | O66: 0 | P66: 0 | Q66: 0 | R66: 0.041666667 | S66: 0.032258065 | T66: 0.047619048 | U66: 0.094339623 | V66: 0.018181818 | W66: 0.059701493 | X66: 0.063291139 | Y66: 0.011363636 | Z66: 0.022988506 | AA66: 0.031914894 | AB66: 0.020618557 | AC66: 0.02 | AD66: 0.02 | AE66: 0.019417476 | AF66: 0 | AG66: 0.016393443 | AH66: 0.028169014
B67: PA | C67: 0.025229358 | D67: 0 | E67: 0 | F67: 0 | G67: 0 | H67: 0 | I67: 0 | J67: 0 | K67: 0 | L67: 0.14285714 | M67: 0 | N67: 0 | O67: 0 | P67: 0 | Q67: 0 | R67: 0 | S67: 0 | T67: 0 | U67: 0 | V67: 0.125 | W67: 0 | X67: 0 | Y67: 0.068965517 | Z67: 0 | AA67: 0.027777778 | AB67: 0.029411765 | AC67: 0 | AD67: 0.028571429 | AE67: 0.096774194 | AF67: 0 | AG67: 0.032258065 | AH67: 0
B68: PE | C68: 0.024861878 | D68: 0 | E68: 0 | F68: 0 | G68: 0 | H68: 0 | I68: 0 | J68: 0.090909091 | K68: 0.16666667 | L68: 0.076923077 | M68: 0.066666667 | N68: 0 | O68: 0 | P68: 0 | Q68: 0 | R68: 0 | S68: 0 | T68: 0.05 | U68: 0 | V68: 0 | W68: 0 | X68: 0 | Y68: 0 | Z68: 0.019607843 | AA68: 0.043478261 | AB68: 0 | AC68: 0 | AD68: 0.03125 | AE68: 0.029411765 | AF68: 0.023255814 | AG68: 0.078431373 | AH68: 0.042553191
B69: PH | C69: 0.054545455 | D69: 0 | E69: 0.083333333 | F69: 0 | G69: 0.11111111 | H69: 0 | I69: 0 | J69: 0.071428571 | K69: 0.071428571 | L69: 0.15384615 | M69: 0.38461538 | N69: 0.18181818 | O69: 0 | P69: 0.0625 | Q69: 0.090909091 | R69: 0.090909091 | S69: 0 | T69: 0.0625 | U69: 0 | V69: 0 | W69: 0 | X69: 0 | Y69: 0 | Z69: 0 | AA69: 0.090909091 | AB69: 0 | AC69: 0.1875 | AD69: 0.0625 | AE69: 0.071428571 | AF69: 0 | AG69: 0 | AH69: 0
B70: PK | C70: 0.045751634 | D70: 0 | E70: 0 | F70: 0 | G70: 0.029411765 | H70: 0.44444444 | I70: 0.05 | J70: 0 | K70: 0 | L70: 0.058823529 | M70: 0.066666667 | N70: 0.3 | O70: 0 | P70: 0.1 | Q70: 0 | R70: 0.16666667 | S70: 0.1875 | T70: 0 | U70: 0 | V70: 0.045454545 | W70: 0 | X70: 0.04 | Y70: 0 | Z70: 0.023255814 | AA70: 0 | AB70: 0.019230769 | AC70: 0.02 | AD70: 0 | AE70: 0 | AF70: 0 | AG70: 0.10606061 | AH70: 0
B71: PL | C71: 0.016528926 | D71: 0.09375 | E71: 0.033333333 | F71: 0.03125 | G71: 0 | H71: 0 | I71: 0.043478261 | J71: 0 | K71: 0.037037037 | L71: 0.037037037 | M71: 0 | N71: 0 | O71: 0 | P71: 0 | Q71: 0.05 | R71: 0 | S71: 0 | T71: 0.055555556 | U71: 0 | V71: 0 | W71: 0 | X71: 0 | Y71: 0 | Z71: 0 | AA71: 0.065217391 | AB71: 0 | AC71: 0 | AD71: 0.022222222 | AE71: 0 | AF71: 0 | AG71: 0.036363636 | AH71: 0
B72: PS | C72: 0.093567251 | H72: 0 | I72: 0 | J72: 0 | K72: 0 | L72: 0.25 | M72: 0 | N72: 0 | O72: 0 | P72: 0 | Q72: 0.66666667 | R72: 0 | S72: 0.5 | T72: 0 | U72: 0 | V72: 0 | W72: 0 | X72: 0 | Y72: 0.14285714 | Z72: 0 | AA72: 0.2 | AB72: 0.16666667 | AC72: 0 | AD72: 0 | AE72: 0 | AF72: 0 | AG72: 0.26666667 | AH72: 0.15384615
B73: PY | C73: 0.0030120482 | P73: 0 | Q73: 0 | S73: 0 | T73: 0 | U73: 0 | V73: 0 | W73: 0 | X73: 0 | Y73: 0.033333333 | Z73: 0 | AA73: 0 | AB73: 0 | AC73: 0 | AD73: 0 | AE73: 0 | AF73: 0 | AG73: 0 | AH73: 0
B74: REG | C74: 0.031070196 | D74: 0 | E74: 0 | F74: 0 | G74: 0 | H74: 0 | I74: 0 | J74: 0.083333333 | K74: 0.066666667 | L74: 0 | M74: 0.038461538 | N74: 0.085714286 | O74: 0 | P74: 0 | Q74: 0 | R74: 0.023255814 | S74: 0.090909091 | T74: 0.041666667 | U74: 0 | V74: 0.015625 | W74: 0.027027027 | X74: 0.063291139 | Y74: 0.037383178 | Z74: 0.038834951 | AA74: 0.043956044 | AB74: 0.023529412 | AC74: 0.02173913 | AD74: 0.021505376 | AE74: 0.03030303 | AF74: 0 | AG74: 0.050724638 | AH74: 0.033112583
B75: RO | C75: 0.0099502488 | D75: 0 | E75: 0 | F75: 0 | G75: 0 | H75: 0 | I75: 0.055555556 | J75: 0 | K75: 0.043478261 | L75: 0.045454545 | M75: 0 | N75: 0 | O75: 0 | P75: 0 | Q75: 0 | R75: 0 | S75: 0 | T75: 0.021276596 | U75: 0.020833333 | V75: 0.055555556 | W75: 0 | X75: 0 | Y75: 0 | Z75: 0.050847458 | AA75: 0.021276596 | AB75: 0 | AC75: 0 | AD75: 0 | AE75: 0 | AF75: 0 | AG75: 0 | AH75: 0
B76: RS | C76: 0.018181818 | L76: 0 | M76: 0 | N76: 0 | O76: 0 | P76: 0 | Q76: 0 | R76: 0 | S76: 0 | T76: 0.054054054 | U76: 0 | V76: 0.052631579 | W76: 0.033898305 | X76: 0.064516129 | Y76: 0.018867925 | Z76: 0 | AA76: 0.02 | AB76: 0 | AC76: 0 | AD76: 0.04 | AE76: 0 | AF76: 0 | AG76: 0 | AH76: 0.021276596
B77: RU | C77: 0.023878139 | D77: 0 | E77: 0 | F77: 0.064516129 | G77: 0.027027027 | H77: 0.24390244 | I77: 0.10810811 | J77: 0.046511628 | K77: 0 | L77: 0 | M77: 0 | N77: 0 | O77: 0 | P77: 0 | Q77: 0.008 | R77: 0.020689655 | S77: 0.025157233 | T77: 0.03030303 | U77: 0.025316456 | V77: 0.012195122 | W77: 0 | X77: 0.033557047 | Y77: 0.051094891 | Z77: 0.020618557 | AA77: 0.043478261 | AB77: 0 | AC77: 0 | AD77: 0 | AE77: 0.041666667 | AF77: 0 | AG77: 0 | AH77: 0.28571429
B78: RW | C78: 0.07 | E78: 1 | Q78: 0 | R78: 0 | S78: 0.33333333 | T78: 0 | U78: 0 | V78: 0 | W78: 0 | X78: 0 | Y78: 0.1875 | Z78: 0.05 | AA78: 0 | AB78: 0 | AC78: 0.28571429 | AD78: 0 | AE78: 0 | AF78: 0 | AG78: 0.090909091 | AH78: 0.1
B79: SI | C79: 0.0088888889 | D79: 0 | E79: 0 | F79: 0 | G79: 0 | H79: 0 | I79: 0 | J79: 0 | K79: 0 | L79: 0 | M79: 0 | N79: 0 | O79: 0 | P79: 0 | Q79: 0 | R79: 0 | S79: 0 | T79: 0 | U79: 0 | V79: 0 | W79: 0 | X79: 0 | Y79: 0 | Z79: 0 | AA79: 0 | AB79: 0.11111111 | AC79: 0 | AD79: 0 | AE79: 0 | AF79: 0 | AG79: 0 | AH79: 0.2
B80: SK | C80: 0.004 | E80: 0 | F80: 0 | G80: 0 | H80: 0.1 | I80: 0 | J80: 0 | K80: 0 | L80: 0 | M80: 0 | N80: 0 | O80: 0 | P80: 0 | Q80: 0 | R80: 0 | S80: 0 | T80: 0 | U80: 0 | V80: 0 | W80: 0 | X80: 0 | Y80: 0 | Z80: 0 | AA80: 0 | AB80: 0 | AC80: 0 | AD80: 0 | AE80: 0 | AF80: 0 | AG80: 0 | AH80: 0
B81: SN | C81: 0.073099415 | D81: 0 | E81: 0 | F81: 0 | G81: 0 | H81: 0.16666667 | I81: 0 | J81: 0.11111111 | K81: 0 | L81: 0.071428571 | M81: 0 | N81: 0.071428571 | O81: 0 | P81: 0.058823529 | Q81: 0.0625 | R81: 0.3 | S81: 0.17647059 | T81: 0 | U81: 0.125 | V81: 0.043478261 | W81: 0 | X81: 0.11111111 | Y81: 0.068965517 | Z81: 0 | AA81: 0.11428571 | AB81: 0.058823529 | AC81: 0.060606061 | AD81: 0.12195122 | AE81: 0.052631579 | AF81: 0.071428571 | AG81: 0.088888889 | AH81: 0.08
B82: SV | C82: 0.0016366612 | E82: 0 | F82: 0 | G82: 0 | H82: 0 | I82: 0 | J82: 0 | K82: 0 | L82: 0 | M82: 0 | N82: 0 | O82: 0 | P82: 0 | Q82: 0 | R82: 0 | S82: 0 | T82: 0 | U82: 0 | V82: 0 | W82: 0 | X82: 0 | Y82: 0 | Z82: 0 | AA82: 0 | AB82: 0 | AC82: 0 | AD82: 0 | AE82: 0 | AF82: 0.016949153 | AG82: 0 | AH82: 0
B83: TG | C83: 0.0625 | D83: 0 | E83: 0 | F83: 0 | G83: 0 | H83: 0.5 | I83: 0 | J83: 0 | K83: 0 | L83: 0.25 | M83: 0 | N83: 0.2 | O83: 0 | P83: 0 | Q83: 0.25 | R83: 0 | S83: 0 | T83: 0 | U83: 0 | V83: 0 | W83: 0.25 | X83: 0.125 | Y83: 0 | Z83: 0.11111111 | AA83: 0 | AB83: 0.125 | AC83: 0 | AD83: 0 | AE83: 0 | AF83: 0 | AG83: 0.11111111 | AH83: 0
B84: TH | C84: 0.028571429 | D84: 0 | E84: 0.083333333 | F84: 0 | G84: 0.11764706 | H84: 0.2 | I84: 0 | J84: 0.16666667 | K84: 0 | L84: 0 | M84: 0.2 | N84: 0 | O84: 0 | P84: 0 | Q84: 0 | R84: 0 | S84: 0 | T84: 0 | U84: 0 | V84: 0 | W84: 0 | X84: 0 | Y84: 0 | Z84: 0 | AA84: 0 | AB84: 0.071428571 | AC84: 0.052631579 | AD84: 0 | AE84: 0 | AF84: 0 | AG84: 0 | AH84: 0
B85: TJ | C85: 0.04400978 | H85: 0 | I85: 0 | J85: 0 | K85: 0 | L85: 0 | M85: 0.25 | N85: 0 | O85: 0 | P85: 0.22222222 | Q85: 0.090909091 | R85: 0 | S85: 0.0625 | T85: 0.058823529 | U85: 0.1 | V85: 0.05 | W85: 0 | X85: 0.045454545 | Y85: 0.038461538 | Z85: 0.11111111 | AA85: 0.090909091 | AB85: 0 | AC85: 0 | AD85: 0 | AE85: 0 | AF85: 0 | AG85: 0.045454545 | AH85: 0.052631579
B86: TM | C86: 0.13636364 | J86: 0 | K86: 0 | L86: 0 | M86: 0 | N86: 0 | O86: 0 | P86: 0 | T86: 0 | U86: 0 | V86: 0.083333333 | W86: 0 | X86: 0.0625 | Y86: 0.066666667 | Z86: 0 | AA86: 0 | AB86: 0 | AC86: 0.33333333 | AD86: 0.125 | AE86: 0.31818182 | AF86: 0.64705882 | AG86: 0 | AH86: 0
B87: TN | C87: 0.022222222 | D87: 0 | E87: 0 | F87: 0 | G87: 0 | H87: 0 | I87: 0 | J87: 0 | K87: 0.33333333 | L87: 0 | M87: 0 | N87: 0 | O87: 0 | P87: 0.052631579 | Q87: 0.058823529 | R87: 0 | S87: 0 | T87: 0 | U87: 0.045454545 | V87: 0 | W87: 0.043478261 | X87: 0 | Y87: 0.09375 | Z87: 0.032258065 | AA87: 0 | AB87: 0.025 | AC87: 0.025 | AD87: 0.046511628 | AE87: 0 | AF87: 0 | AG87: 0.025641026 | AH87: 0
B88: TR | C88: 0.021776702 | D88: 0.034482759 | E88: 0.068965517 | F88: 0 | G88: 0.052631579 | H88: 0 | I88: 0.071428571 | J88: 0 | K88: 0.042553191 | L88: 0 | M88: 0.095238095 | N88: 0 | O88: 0.046511628 | P88: 0 | Q88: 0 | R88: 0.06 | S88: 0.020833333 | T88: 0.017857143 | U88: 0 | V88: 0.011494253 | W88: 0 | X88: 0.015037594 | Y88: 0.013245033 | Z88: 0.02484472 | AA88: 0.0057142857 | AB88: 0.03960396 | AC88: 0.03 | AD88: 0.065989848 | AE88: 0.011173184 | AF88: 0 | AG88: 0.005952381 | AH88: 0.01183432
B89: TT | C89: 0.067226891 | D89: 0.33333333 | E89: 0 | F89: 0 | G89: 0 | H89: 0 | I89: 0 | J89: 0 | K89: 0 | L89: 0 | M89: 0 | N89: 0 | O89: 0 | P89: 0.2 | Q89: 0 | R89: 0 | S89: 0 | T89: 0.25 | U89: 0 | V89: 0.6 | W89: 0 | X89: 0 | Y89: 0 | AC89: 0 | AD89: 0 | AE89: 0 | AF89: 0 | AG89: 0 | AH89: 0
B90: TZ | C90: 0.065281899 | D90: 0 | E90: 0.16666667 | F90: 0 | G90: 0.33333333 | H90: 0.2 | I90: 0 | J90: 0.16666667 | K90: 0 | L90: 0.66666667 | M90: 0 | N90: 0 | O90: 0 | P90: 0 | Q90: 0 | R90: 0 | S90: 0 | T90: 0 | U90: 0 | V90: 0 | W90: 0 | X90: 0.066666667 | Y90: 0 | Z90: 0.12 | AA90: 0 | AB90: 0.074074074 | AC90: 0.10714286 | AD90: 0.20833333 | AE90: 0.05 | AF90: 0 | AG90: 0 | AH90: 0
B91: UA | C91: 0.070481928 | F91: 0.2 | G91: 0 | H91: 0 | I91: 0 | J91: 0 | K91: 0 | L91: 0 | M91: 0 | N91: 0 | O91: 0 | P91: 0 | Q91: 0 | R91: 0.032258065 | S91: 0.044117647 | T91: 0.068493151 | U91: 0.013513514 | V91: 0 | W91: 0.030612245 | X91: 0.12 | Y91: 0.12121212 | Z91: 0.048780488 | AA91: 0 | AB91: 0.011494253 | AC91: 0.073684211 | AD91: 0.2 | AE91: 0 | AF91: 0.3960396 | AG91: 0.037037037 | AH91: 0.035087719
B92: UG | C92: 0.03960396 | D92: 0 | E92: 0 | F92: 0 | G92: 0 | H92: 0 | I92: 0.16666667 | J92: 0.14285714 | K92: 0 | L92: 0 | M92: 0 | N92: 0 | O92: 0 | P92: 0.33333333 | Q92: 0 | R92: 0.066666667 | S92: 0 | T92: 0.1875 | U92: 0 | V92: 0.10526316 | W92: 0 | X92: 0 | Y92: 0 | Z92: 0 | AA92: 0.10344828 | AB92: 0 | AC92: 0.060606061 | AD92: 0.027777778 | AE92: 0.078947368 | AF92: 0 | AG92: 0.03125 | AH92: 0
B93: UY | C93: 0.022151899 | D93: 0 | E93: 0.33333333 | F93: 0 | G93: 0 | H93: 0.2 | I93: 0 | J93: 0 | K93: 0 | L93: 0.6 | M93: 0.33333333 | N93: 0 | O93: 0 | P93: 0.5 | Q93: 0 | R93: 0 | S93: 0 | T93: 0 | U93: 0 | V93: 0 | W93: 0 | X93: 0 | Y93: 0 | Z93: 0 | AA93: 0 | AB93: 0 | AC93: 0 | AD93: 0 | AE93: 0 | AF93: 0 | AG93: 0 | AH93: 0
B94: UZ | C94: 0.050890585 | D94: 0 | E94: 0 | F94: 0 | G94: 0 | H94: 0 | I94: 0.5 | J94: 0 | K94: 0 | L94: 0 | M94: 0 | N94: 0 | O94: 0 | P94: 0.16666667 | Q94: 0.1 | R94: 0.2 | S94: 0.083333333 | T94: 0.46153846 | U94: 0 | V94: 0 | W94: 0.045454545 | X94: 0 | Y94: 0 | Z94: 0 | AA94: 0.125 | AB94: 0 | AC94: 0 | AD94: 0 | AE94: 0.041666667 | AF94: 0.058823529 | AG94: 0.022222222 | AH94: 0.016666667
B95: VE | C95: 0.060606061 | D95: 0.1 | E95: 0.3 | F95: 0 | G95: 0 | H95: 0 | I95: 0 | J95: 0 | K95: 0 | L95: 0.2 | M95: 0 | N95: 0 | O95: 0 | P95: 0.16666667 | Q95: 0 | R95: 0 | S95: 0 | T95: 0 | U95: 0 | V95: 0 | W95: 0 | X95: 0 | Y95: 0 | Z95: 0 | AA95: 0 | AB95: 0 | AC95: 1
B96: VN | C96: 0.031982942 | E96: 0 | F96: 0 | G96: 0 | H96: 0.14285714 | I96: 0 | J96: 0.125 | K96: 0.33333333 | L96: 0 | M96: 0.2 | N96: 0 | O96: 0 | P96: 0 | Q96: 0.14285714 | R96: 0.11111111 | S96: 0 | T96: 0 | U96: 0.14285714 | V96: 0 | W96: 0.041666667 | X96: 0.086956522 | Y96: 0 | Z96: 0 | AA96: 0 | AB96: 0 | AC96: 0 | AD96: 0 | AE96: 0 | AF96: 0.024390244 | AG96: 0 | AH96: 0.019230769
B97: XK | C97: 0.021276596 | P97: 0 | Q97: 0 | R97: 0 | S97: 0 | T97: 0.11111111 | U97: 0.15384615 | V97: 0 | W97: 0 | X97: 0 | Y97: 0 | Z97: 0 | AA97: 0 | AB97: 0.076923077 | AC97: 0 | AD97: 0 | AE97: 0.055555556 | AF97: 0 | AG97: 0 | AH97: 0
B98: ZA | C98: 0.022648084 | H98: 0 | I98: 0 | J98: 0 | K98: 0 | L98: 0.15384615 | M98: 0.076923077 | N98: 0.076923077 | O98: 0.076923077 | P98: 0.083333333 | Q98: 0.076923077 | R98: 0 | S98: 0 | T98: 0.04 | U98: 0 | V98: 0.034482759 | W98: 0.052631579 | X98: 0.025641026 | Y98: 0.026315789 | Z98: 0.023255814 | AA98: 0.037974684 | AB98: 0.024390244 | AC98: 0 | AD98: 0 | AE98: 0.010416667 | AF98: 0 | AG98: 0.026785714 | AH98: 0.025
B99: ZM | C99: 0.074358974 | D99: 0 | E99: 0.33333333 | F99: 0.2 | G99: 0 | H99: 0 | I99: 0.16666667 | J99: 0 | K99: 0.1 | L99: 0 | M99: 0.11111111 | N99: 0.18181818 | O99: 0.3 | P99: 0.1 | Q99: 0 | R99: 0.1 | S99: 0.076923077 | T99: 0 | U99: 0.055555556 | V99: 0.11764706 | W99: 0 | X99: 0 | Y99: 0.058823529 | Z99: 0.10526316 | AA99: 0.052631579 | AB99: 0 | AC99: 0.05 | AD99: 0.17391304 | AE99: 0.055555556 | AF99: 0 | AG99: 0.052631579 | AH99: 0.055555556
B100: ZW | C100: 0.068421053 | D100: 0.052631579 | E100: 0.05 | F100: 0 | G100: 0.055555556 | H100: 0 | I100: 0.1 | J100: 0 | K100: 0 | L100: 0.16666667 | M100: 0 | N100: 0 | O100: 0.4 | P100: 0 | Q100: 0 | R100: 0 | S100: 0.5 | T100: 0 | U100: 0 | V100: 0.33333333 | W100: 0 | X100: 0 | Y100: 0.25 | Z100: 0.25 | AA100: 0.33333333 | AB100: 0 | AC100: 0.25 | AD100: 0 | AE100: 0 | AF100: 0 | AG100: 0 | AH100: 0
B101: 0 | C101: 0
B102: 0 | C102: 0
B103: 0 | C103: 0
...

Sheet DR_Ctry-GICS
C1: Table 18: Default rates by country and GICS sector
C3: ISO country code and ISO country name | D3: Administration | E3: Communication services | F3: Consumer discretionary | G3: Consumer staples | H3: Energy | I3: Financials | J3: Health care | K3: Industrials | L3: Information technology | M3: Materials | N3: Real estate | O3: Utilities | P3: Others
C4: AL-Albania | I4: 0.0086956522
C5: AM-Armenia | I5: 0
C6: AR-Argentina | G6: 0.046035806 | I6: 0.065217391 | M6: 0.04587156 | O6: 0.052356021
C7: AZ-Azerbaijan | I7: 0.038288288
C8: BA-Bosnia and Herzegovina | I8: 0.0084566596
C9: BD-Bangladesh | I9: 0.019230769 | O9: 0
C10: BF-Burkina Faso | I10: 0.045112782
C11: BG-Bulgaria | I11: 0.0034482759
C12: BR-Brazil | F12: 0.028846154 | G12: 0.032921811 | I12: 0.0026109661 | K12: 0.017021277 | M12: 0.022151899 | O12: 0.020304569
C13: CI-Cote D'Ivoire | G13: 0.13907285 | I13: 0.038251366 | O13: 0.044871795
C14: CL-Chile | I14: 0.01459854 | O14: 0.10457516
C15: CN-China | F15: 0.047619048 | G15: 0.024539877 | I15: 0 | J15: 0.021276596 | M15: 0.055335968 | O15: 0.01048951
C16: CO-Colombia | I16: 0.021428571 | K16: 0.021276596 | O16: 0
C17: CR-Costa Rica | I17: 0.0085287846
C18: DO-Dominican Republic | I18: 0.01793722
C19: EC-Ecuador | G19: 0.024193548 | I19: 0
C20: EG-Egypt | I20: 0.00625 | M20: 0.03626943 | O20: 0
C21: GE-Georgia | G21: 0.051282051 | I21: 0.0055555556
C22: GH-Ghana | I22: 0.041198502
C23: GT-Guatemala | I23: 0.0042553191
C24: HN-Honduras | I24: 0.0043859649 | O24: 0.047337278
C25: ID-Indonesia | G25: 0.029411765 | I25: 0.057142857
C26: IN-India | F26: 0.05511811 | G26: 0.044117647 | I26: 0.010224949 | J26: 0.04950495 | K26: 0.030927835 | M26: 0.026315789 | O26: 0.022988506
C27: JO-Jordan | I27: 0.0058823529 | O27: 0.0051948052
C28: KE-Kenya | I28: 0.023376623 | O28: 0.018779343
C29: KG-Kyrgyzstan | I29: 0
C30: KH-Cambodia | I30: 0.0049751244
C31: KZ-Kazakhstan | G31: 0.0081967213 | I31: 0.021459227 | O31: 0
C32: LB-Lebanon | I32: 0.10385757
C33: LK-Sri Lanka | I33: 0.072580645
C34: MA-Morocco | I34: 0.016611296
C36: ISO country code and ISO country name | D36: Administration | E36: Communication services | F36: Consumer discretionary | G36: Consumer staples | H36: Energy | I36: Financials | J36: Health care | K36: Industrials | L36: Information technology | M36: Materials | N36: Real estate | O36: Utilities | P36: Others
C37: MD-Moldova | I37: 0.0056657224
C38: MN-Mongolia | I38: 0.015463918
C39: MX-Mexico | F39: 0.026666667 | G39: 0.03875969 | I39: 0.05721393 | K39: 0.043478261 | M39: 0.027932961 | O39: 0.028169014
C40: NG-Nigeria | I40: 0.022222222
C41: NI-Nicaragua | I41: 0.013986014
C42: OT-Other* | F42: 0.0074074074 | G42: 0.02739726 | I42: 0.020057307 | O42: 0.057142857 | P42: 0.045801527
C43: PA-Panama | I43: 0.0069204152
C44: PE-Peru | G44: 0.054054054 | I44: 0.02734375 | O44: 0.014925373
C45: PH-Philippines | I45: 0.056
C46: PK-Pakistan | I46: 0.077844311 | O46: 0.012072435
C47: PL-Poland | I47: 0 | O47: 0.017045455 | P47: 0.022222222
C48: Palestine, State of** | I48: 0.083333333
C49: PY-Paraguay | I49: 0
C50: REG-Regional | F50: 0.070707071 | G50: 0.016393443 | I50: 0.023809524 | K50: 0.047297297
C51: RO-Romania | G51: 0.007518797 | I51: 0.0067340067
C52: RS-Serbia | G52: 0.060606061 | I52: 0.0019193858
C53: RU-Russia | F53: 0.025641026 | G53: 0.01 | I53: 0.021852237 | K53: 0.02962963 | M53: 0.021806854 | P53: 0.038135593
C54: SN-Senegal | I54: 0.065420561 | O54: 0.057142857
C55: SV-El Salvador | I55: 0
C56: TH-Thailand | O56: 0.01242236
C57: TJ-Tajikistan | I57: 0.025380711
C58: TM-Turkmenistan | G58: 0.14049587
C59: TN-Tunisia | I59: 0.015151515
C60: TR-Türkiye | F60: 0.028753994 | G60: 0.038961039 | I60: 0.0020366599 | J60: 0.059701493 | K60: 0.037174721 | M60: 0.013812155 | O60: 0.030136986
C61: TZ-Tanzania | I61: 0.054216867
C62: UA-Ukraine | F62: 0.021582734 | G62: 0.065934066 | I62: 0.037974684 | K62: 0.068181818 | M62: 0.074257426 | O62: 0.216
C63: UG-Uganda | I63: 0.030150754 | O63: 0.04375
C64: UZ-Uzbekistan | I64: 0.013605442 | O64: 0
C65: VN-Viet Nam | I65: 0.0070422535 | O65: 0.013157895
C66: ZA-South Africa | F66: 0.023809524 | I66: 0.027472527 | K66: 0.011363636
C67: ZM-Zambia | I67: 0.08040201
C68: 0-0
C69: -
C70: -
C71: -
C72: -
C73: -
C74: -
C75: -
C76: -
C77: -
C78: -
C79: -
... C98: **This designation shall not be construed as recognition of a State of Palestine and is without prejudice to the individual positions of the Member States on this issue.

Sheet DR_Ctry-FI_Year
B2: Table 19: Annual default rates by country and sector grouping – financial institutions
B4: ISO country code | C4: Average default rate | D4: 1994 | E4: 1995 | F4: 1996 | G4: 1997 | H4: 1998 | I4: 1999 | J4: 2000 | K4: 2001 | L4: 2002 | M4: 2003 | N4: 2004 | O4: 2005 | P4: 2006 | Q4: 2007 | R4: 2008 | S4: 2009 | T4: 2010 | U4: 2011 | V4: 2012 | W4: 2013 | X4: 2014 | Y4: 2015 | Z4: 2016 | AA4: 2017 | AB4: 2018 | AC4: 2019 | AD4: 2020 | AE4: 2021 | AF4: 2022 | AG4: 2023 | AH4: 2024
B5: AL | C5: 0.0086956522 | D5: 0 | E5: 0 | F5: 0 | G5: 0 | H5: 0 | I5: 0 | J5: 0 | K5: 0 | L5: 0 | M5: 0 | N5: 0 | O5: 0 | P5: 0 | Q5: 0 | R5: 0 | S5: 0 | T5: 0 | U5: 0.16666667 | V5: 0 | W5: 0 | X5: 0 | Y5: 0 | Z5: 0 | AA5: 0 | AB5: 0 | AC5: 0 | AD5: 0 | AE5: 0 | AF5: 0 | AG5: 0 | AH5: 0
B6: AM | C6: 0 | D6: 0 | E6: 0 | F6: 0 | G6: 0 | H6: 0 | I6: 0 | J6: 0 | K6: 0 | L6: 0 | M6: 0 | N6: 0 | O6: 0 | P6: 0 | Q6: 0 | R6: 0 | S6: 0 | T6: 0 | U6: 0 | V6: 0 | W6: 0 | X6: 0 | Y6: 0 | Z6: 0 | AA6: 0 | AB6: 0 | AC6: 0 | AD6: 0 | AE6: 0 | AF6: 0 | AG6: 0 | AH6: 0
B7: AR | C7: 0.065217391 | D7: 0 | E7: 0 | F7: 0 | G7: 0 | H7: 0 | I7: 0 | J7: 0 | K7: 0 | L7: 0.66666667 | M7: 0 | N7: 0 | O7: 0 | P7: 0 | Q7: 0 | R7: 0.14285714 | S7: 0 | T7: 0 | U7: 0 | V7: 0 | W7: 0 | X7: 0 | Y7: 0 | Z7: 0 | AA7: 0 | AB7: 0.14285714 | AC7: 0 | AD7: 0.2 | AE7: 0.090909091 | AF7: 0 | AG7: 0 | AH7: 0
B8: AZ | C8: 0.038288288 | D8: 0 | E8: 0 | F8: 0 | G8: 0 | H8: 0 | I8: 0 | J8: 0 | K8: 0 | L8: 0 | M8: 0 | N8: 0 | O8: 0 | P8: 0 | Q8: 0 | R8: 0.037037037 | S8: 0.027777778 | T8: 0 | U8: 0.027777778 | V8: 0 | W8: 0 | X8: 0 | Y8: 0.075 | Z8: 0.14285714 | AA8: 0.17391304 | AB8: 0.083333333 | AC8: 0.1 | AD8: 0 | AE8: 0 | AF8: 0 | AG8: 0 | AH8: 0
B9: BA | C9: 0.0084566596 | D9: 0 | E9: 0 | F9: 0 | G9: 0 | H9: 0 | I9: 0 | J9: 0 | K9: 0 | L9: 0.2 | M9: 0 | N9: 0 | O9: 0 | P9: 0 | Q9: 0.055555556 | R9: 0 | S9: 0 | T9: 0.041666667 | U9: 0 | V9: 0 | W9: 0 | X9: 0.04 | Y9: 0 | Z9: 0 | AA9: 0 | AB9: 0 | AC9: 0 | AD9: 0 | AE9: 0 | AF9: 0 | AG9: 0 | AH9: 0
B10: BD | C10: 0.019230769 | D10: 0 | E10: 0 | F10: 0 | G10: 0 | H10: 0 | I10: 0 | J10: 0 | K10: 1 | L10: 0 | M10: 0 | N10: 0.25 | O10: 0 | P10: 0.25 | Q10: 0 | R10: 0 | S10: 0 | T10: 0 | U10: 0 | V10: 0 | W10: 0 | X10: 0 | Y10: 0 | Z10: 0 | AA10: 0 | AB10: 0 | AC10: 0 | AD10: 0 | AE10: 0.083333333 | AF10: 0 | AG10: 0 | AH10: 0
B11: BF | C11: 0.045112782 | D11: 0 | E11: 0 | F11: 0 | G11: 0 | H11: 0 | I11: 0 | J11: 0.5 | K11: 0 | L11: 0 | M11: 0 | N11: 0 | O11: 0 | P11: 0 | Q11: 0 | R11: 0.11111111 | S11: 0 | T11: 0 | U11: 0.25 | V11: 0 | W11: 0 | X11: 0 | Y11: 0 | Z11: 0 | AA11: 0 | AB11: 0 | AC11: 0.25 | AD11: 0 | AE11: 0 | AF11: 0 | AG11: 0 | AH11: 0.25
B12: BG | C12: 0.0034482759 | D12: 0 | E12: 0 | F12: 0 | G12: 0 | H12: 0 | I12: 0.33333333 | J12: 0 | K12: 0 | L12: 0 | M12: 0 | N12: 0 | O12: 0 | P12: 0 | Q12: 0 | R12: 0 | S12: 0 | T12: 0 | U12: 0 | V12: 0 | W12: 0 | X12: 0 | Y12: 0 | Z12: 0 | AA12: 0 | AB12: 0 | AC12: 0 | AD12: 0 | AE12: 0 | AF12: 0 | AG12: 0 | AH12: 0
B13: BR | C13: 0.0026109661 | D13: 0 | E13: 0 | F13: 0 | G13: 0 | H13: 0 | I13: 0 | J13: 0 | K13: 0 | L13: 0 | M13: 0 | N13: 0 | O13: 0 | P13: 0 | Q13: 0 | R13: 0 | S13: 0 | T13: 0 | U13: 0 | V13: 0 | W13: 0 | X13: 0 | Y13: 0 | Z13: 0 | AA13: 0 | AB13: 0 | AC13: 0 | AD13: 0 | AE13: 0 | AF13: 0 | AG13: 0.033333333 | AH13: 0
B14: CI | C14: 0.038251366 | D14: 0 | E14: 0 | F14: 0 | G14: 0 | H14: 0 | I14: 0 | J14: 0 | K14: 0 | L14: 0 | M14: 0 | N14: 0 | O14: 0 | P14: 0 | Q14: 0 | R14: 0 | S14: 0 | T14: 0 | U14: 0 | V14: 0 | W14: 0 | X14: 0 | Y14: 0.25 | Z14: 0 | AA14: 0.2 | AB14: 0 | AC14: 0 | AD14: 0.11111111 | AE14: 0 | AF14: 0.058823529 | AG14: 0 | AH14: 0.125
B15: CL | C15: 0.01459854 | D15: 0 | E15: 0 | F15: 0 | G15: 0 | H15: 0 | I15: 0 | J15: 0 | K15: 0 | L15: 0 | M15: 0 | N15: 0 | O15: 0 | P15: 0 | Q15: 0 | R15: 0 | S15: 0 | T15: 0 | U15: 0 | V15: 0 | W15: 0 | X15: 0 | Y15: 0.125 | Z15: 0 | AA15: 0.071428571 | AB15: 0 | AC15: 0 | AD15: 0 | AE15: 0 | AF15: 0 | AG15: 0 | AH15: 0
B16: CN | C16: 0 | D16: 0 | E16: 0 | F16: 0 | G16: 0 | H16: 0 | I16: 0 | J16: 0 | K16: 0 | L16: 0 | M16: 0 | N16: 0 | O16: 0 | P16: 0 | Q16: 0 | R16: 0 | S16: 0 | T16: 0 | U16: 0 | V16: 0 | W16: 0 | X16: 0 | Y16: 0 | Z16: 0 | AA16: 0 | AB16: 0 | AC16: 0 | AD16: 0 | AE16: 0 | AF16: 0 | AG16: 0 | AH16: 0
... B46: PL | C46: 0 | D46: 0 | E46: 0 | F46: 0 | G46: 0 | H46: 0 | I46: 0 | J46: 0 | K46: 0 | L46: 0 | M46: 0 | N46: 0 | O46: 0 | P46: 0 | Q46: 0 | R46: 0 | S46: 0 | T46: 0 | U46: 0 | V46: 0 | W46: 0 | X46: 0 | Y46: 0 | Z46: 0 | AA46: 0 | AB46: 0 | AC46: 0 | AD46: 0 | AE46: 0 | AF46: 0 | AG46: 0 | AH46: 0
B48: =B4 -> ISO country code | C48: =C4 -> Average default rate | D48: =D4 -> 1994 | E48: =E4 -> 1995 | F48: =F4 -> 1996 | G48: =G4 -> 1997 | H48: =H4 -> 1998 | I48: =I4 -> 1999 | ... AH48: =AH4 -> 2024
B49: PS | C49: 0.083333333 | D49: 0 | E49: 0 | F49: 0 | G49: 0 | H49: 0 | I49: 0 | J49: 0 | K49: 0 | L49: 0 | M49: 0 | N49: 0 | O49: 0 | P49: 0 | Q49: 0.66666667 | R49: 0 | S49: 0.5 | T49: 0 | U49: 0 | V49: 0 | W49: 0 | X49: 0 | Y49: 0.25 | Z49: 0 | AA49: 0 | AB49: 0 | AC49: 0 | AD49: 0 | AE49: 0 | AF49: 0 | AG49: 0.26666667 | AH49: 0.16666667
B50: PY | C50: 0 | D50: 0 | E50: 0 | F50: 0 | G50: 0 | H50: 0 | I50: 0 | J50: 0 | K50: 0 | L50: 0 | M50: 0 | N50: 0 | O50: 0 | P50: 0 | Q50: 0 | R50: 0 | S50: 0 | T50: 0 | U50: 0 | V50: 0 | W50: 0 | X50: 0 | Y50: 0 | Z50: 0 | AA50: 0 | AB50: 0 | AC50: 0 | AD50: 0 | AE50: 0 | AF50: 0 | AG50: 0 | AH50: 0
B51: REG | C51: 0.023809524 | D51: 0 | E51: 0 | F51: 0 | G51: 0 | H51: 0 | I51: 0 | J51: 0.125 | K51: 0 | L51: 0 | M51: 0 | N51: 0.16666667 | O51: 0 | P51: 0 | Q51: 0 | R51: 0.076923077 | S51: 0.076923077 | T51: 0 | U51: 0 | V51: 0 | W51: 0.05 | X51: 0.047619048 | Y51: 0 | Z51: 0.045454545 | AA51: 0.025 | AB51: 0.043478261 | AC51: 0.022222222 | AD51: 0.022222222 | AE51: 0 | AF51: 0 | AG51: 0.032258065 | AH51: 0.014925373
B52: RO | C52: 0.0067340067 | D52: 0 | E52: 0 | F52: 0 | G52: 0 | H52: 0 | I52: 0.16666667 | J52: 0 | K52: 0 | L52: 0 | M52: 0 | N52: 0 | O52: 0 | P52: 0 | Q52: 0 | R52: 0 | S52: 0 | T52: 0 | U52: 0 | V52: 0.076923077 | W52: 0 | X52: 0 | Y52: 0 | Z52: 0.041666667 | AA52: 0 | AB52: 0 | AC52: 0 | AD52: 0 | AE52: 0 | AF52: 0 | AG52: 0 | AH52: 0
B53: RS | C53: 0.0019193858 | D53: 0 | E53: 0 | F53: 0 | G53: 0 | H53: 0 | I53: 0 | J53: 0 | K53: 0 | L53: 0 | M53: 0 | N53: 0 | O53: 0 | P53: 0 | Q53: 0 | R53: 0 | S53: 0 | T53: 0 | U53: 0 | V53: 0 | W53: 0 | X53: 0 | Y53: 0.03030303 | Z53: 0 | AA53: 0 | AB53: 0 | AC53: 0 | AD53: 0 | AE53: 0 | AF53: 0 | AG53: 0 | AH53: 0
B54: RU | C54: 0.021852237 | D54: 0 | E54: 0 | F54: 0 | G54: 0 | H54: 0.23076923 | I54: 0.23076923 | J54: 0 | K54: 0 | L54: 0 | M54: 0 | N54: 0 | O54: 0 | P54: 0 | Q54: 0 | R54: 0 | S54: 0.013888889 | T54: 0.015625 | U54: 0.032786885 | V54: 0.014705882 | W54: 0 | X54: 0.064516129 | Y54: 0.036363636 | Z54: 0.025 | AA54: 0.071428571 | AB54: 0 | AC54: 0 | AD54: 0 | AE54: 0 | AF54: 0 | AG54: 0 | AH54: 0.5
B55: SN | C55: 0.065420561 | D55: 0 | E55: 0 | F55: 0 | G55: 0 | H55: 0.25 | I55: 0 | J55: 0 | K55: 0 | L55: 0.125 | M55: 0 | N55: 0 | O55: 0 | P55: 0.14285714 | Q55: 0 | R55: 0.33333333 | S55: 0.2 | T55: 0 | U55: 0.14285714 | V55: 0 | W55: 0 | X55: 0.16666667 | Y55: 0 | Z55: 0 | AA55: 0 | AB55: 0 | AC55: 0 | AD55: 0.090909091 | AE55: 0.1 | AF55: 0 | AG55: 0.16666667 | AH55: 0.066666667
B56: SV | C56: 0 | D56: 0 | E56: 0 | F56: 0 | G56: 0 | H56: 0 | I56: 0 | J56: 0 | K56: 0 | L56: 0 | M56: 0 | N56: 0 | O56: 0 | P56: 0 | Q56: 0 | R56: 0 | S56: 0 | T56: 0 | U56: 0 | V56: 0 | W56: 0 | X56: 0 | Y56: 0 | Z56: 0 | AA56: 0 | AB56: 0 | AC56: 0 | AD56: 0 | AE56: 0 | AF56: 0 | AG56: 0 | AH56: 0
B57: TJ | C57: 0.025380711 | D57: 0 | E57: 0 | F57: 0 | G57: 0 | H57: 0 | I57: 0 | J57: 0 | K57: 0 | L57: 0 | M57: 0 | N57: 0 | O57: 0 | P57: 0.16666667 | Q57: 0 | R57: 0 | S57: 0 | T57: 0 | U57: 0 | V57: 0 | W57: 0 | X57: 0 | Y57: 0 | Z57: 0.21428571 | AA57: 0.1 | AB57: 0 | AC57: 0 | AD57: 0 | AE57: 0 | AF57: 0 | AG57: 0 | AH57: 0
B58: TN | C58: 0.015151515 | D58: 0 | E58: 0 | F58: 0 | G58: 0 | H58: 0 | I58: 0 | J58: 0 | K58: 0.33333333 | L58: 0 | M58: 0 | N58: 0 | O58: 0 | P58: 0.058823529 | Q58: 0.0625 | R58: 0 | S58: 0 | T58: 0 | U58: 0 | V58: 0 | W58: 0 | X58: 0 | Y58: 0 | Z58: 0 | AA58: 0 | AB58: 0.037037037 | AC58: 0.035714286 | AD58: 0.064516129 | AE58: 0 | AF58: 0 | AG58: 0 | AH58: 0
B59: TR | C59: 0.0020366599 | D59: 0 | E59: 0 | F59: 0 | G59: 0 | H59: 0 | I59: 0 | J59: 0 | K59: 0 | L59: 0 | M59: 0 | N59: 0 | O59: 0 | P59: 0 | Q59: 0 | R59: 0 | S59: 0 | T59: 0 | U59: 0 | V59: 0 | W59: 0 | X59: 0 | Y59: 0 | Z59: 0 | AA59: 0 | AB59: 0 | AC59: 0 | AD59: 0.034482759 | AE59: 0 | AF59: 0 | AG59: 0 | AH59: 0
B60: TZ | C60: 0.054216867 | D60: 0 | E60: 0 | F60: 0 | G60: 0.5 | H60: 0 | I60: 0 | J60: 1 | K60: 0 | L60: 0 | M60: 0 | N60: 0 | O60: 0 | P60: 0 | Q60: 0 | R60: 0 | S60: 0 | T60: 0 | U60: 0 | V60: 0 | W60: 0 | X60: 0 | Y60: 0 | Z60: 0.083333333 | AA60: 0 | AB60: 0 | AC60: 0.125 | AD60: 0.23076923 | AE60: 0.083333333 | AF60: 0 | AG60: 0 | AH60: 0
... B66: ZM | C66: 0.08040201 | D66: 0 | E66: 0 | F66: 0.5 | G66: 0 | H66: 0 | I66: 0 | J66: 0 | K66: 0 | L66: 0 | M66: 0 | N66: 0.28571429 | O66: 0.5 | P66: 0.2 | Q66: 0 | R66: 0.2 | S66: 0 | T66: 0 | U66: 0.071428571 | V66: 0.16666667 | W66: 0 | X66: 0 | Y66: 0.1 | Z66: 0 | AA66: 0.090909091 | AB66: 0 | AC66: 0.1 | AD66: 0.11111111 | AE66: 0 | AF66: 0 | AG66: 0 | AH66: 0.16666667
B67: 0 | C67: 0
B68: 0 | C68: 0
B69: 0 | C69: 0
B70: 0 | C70: 0
B71: 0 | C71: 0
B72: 0 | C72: 0
B73: 0 | C73: 0
B74: 0 | C74: 0
B75: 0 | C75: 0
B76: 0 | C76: 0
B77: 0 | C77: 0
B78: 0 | C78: 0
... B106: 0 | C106: 0
B108: =B48 -> ISO country code | C108: =C48 -> Average default rate | D108: =D48 -> 1994 | E108: =E48 -> 1995 | F108: =F48 -> 1996 | G108: =G48 -> 1997 | H108: =H48 -> 1998 | I108: =I48 -> 1999 | ... AH108: =AH48 -> 2024
B109: 0 | C109: 0
B110: 0 | C110: 0
B111: 0 | C111: 0
B112: 0 | C112: 0
B113: 0 | C113: 0
B114: 0 | C114: 0
B115: 0 | C115: 0
B116: 0 | C116: 0
B117: 0 | C117: 0
B118: 0 | C118: 0
B119: 0 | C119: 0

Sheet DR_Ctry-NonFI_Year
B2: Table 20: Annual default rates by country and sector grouping – non-financial institutions
B4: ISO country code | C4: Average default rate | D4: 1994 | E4: 1995 | F4: 1996 | G4: 1997 | H4: 1998 | I4: 1999 | J4: 2000 | K4: 2001 | L4: 2002 | M4: 2003 | N4: 2004 | O4: 2005 | P4: 2006 | Q4: 2007 | R4: 2008 | S4: 2009 | T4: 2010 | U4: 2011 | V4: 2012 | W4: 2013 | X4: 2014 | Y4: 2015 | Z4: 2016 | AA4: 2017 | AB4: 2018 | AC4: 2019 | AD4: 2020 | AE4: 2021 | AF4: 2022 | AG4: 2023 | AH4: 2024
B5: AL | C5: 0.093406593 | D5: 0 | E5: 0 | F5: 0 | G5: 0 | H5: 0.5 | I5: 0 | J5: 0 | K5: 0 | L5: 0 | M5: 0 | N5: 0 | O5: 0 | P5: 0 | Q5: 0 | R5: 0 | S5: 0 | T5: 0.25 | U5: 0 | V5: 0.0625 | W5: 0.11111111 | X5: 0.0625 | Y5: 0.14285714 | Z5: 0.27272727 | AA5: 0.375 | AB5: 0 | AC5: 0 | AD5: 0 | AE5: 1 | AG5: 0 | AH5: 0
B6: AM | C6: 0.035830619 | K6: 0 | L6: 0 | M6: 0 | N6: 0 | O6: 0 | P6: 0 | Q6: 0 | R6: 0 | S6: 0 | T6: 0.095238095 | U6: 0.090909091 | V6: 0 | W6: 0.055555556 | X6: 0 | Y6: 0.058823529 | Z6: 0.055555556 | AA6: 0 | AB6: 0 | AC6: 0.0625 | AD6: 0.11764706 | AE6: 0 | AF6: 0 | AG6: 0.0625 | AH6: 0
B7: AR | C7: 0.039783002 | D7: 0 | E7: 0.015384615 | F7: 0 | G7: 0.015151515 | H7: 0.020833333 | I7: 0.043478261 | J7: 0.075 | K7: 0.025 | L7: 0.24390244 | M7: 0.28571429 | N7: 0.045454545 | O7: 0.045454545 | P7: 0.125 | Q7: 0 | R7: 0.11764706 | S7: 0 | T7: 0 | U7: 0 | V7: 0 | W7: 0.08 | X7: 0 | Y7: 0 | Z7: 0 | AA7: 0 | AB7: 0.058823529 | AC7: 0.076923077 | AD7: 0.043478261 | AE7: 0.023255814 | AF7: 0 | AG7: 0 | AH7: 0.022727273
B8: AZ | C8: 0.048076923 | H8: 0 | I8: 0 | J8: 0 | K8: 0 | L8: 0 | M8: 0 | N8: 0 | O8: 0 | P8: 0 | Q8: 0 | R8: 0 | S8: 0 | T8: 0.1 | U8: 0 | V8: 0.090909091 | W8: 0.16666667 | X8: 0 | Y8: 0 | Z8: 0.15 | AA8: 0.17647059 | AB8: 0.071428571 | AC8: 0 | AD8: 0.0625 | AE8: 0 | AF8: 0.13333333 | AG8: 0.083333333 | AH8: 0
B9: BA | C9: 0.065868263 | H9: 0 | I9: 0 | J9: 0.375 | K9: 0.33333333 | L9: 0 | M9: 0 | N9: 0 | O9: 0 | P9: 0 | Q9: 0 | R9: 0 | S9: 0 | T9: 0.16666667 | U9: 0 | V9: 0.2 | W9: 0 | X9: 0.28571429 | Y9: 0 | Z9: 0 | AA9: 0 | AB9: 0 | AC9: 0 | AD9: 0 | AE9: 0 | AF9: 0 | AG9: 0 | AH9: 0
B10: BD | C10: 0.019178082 | D10: 0 | E10: 0 | F10: 0 | G10: 1 | J10: 0 | K10: 0 | L10: 0 | M10: 0 | N10: 0 | O10: 0 | P10: 0 | Q10: 0.125 | R10: 0.125 | S10: 0 | T10: 0 | U10: 0.125 | V10: 0 | W10: 0.090909091 | X10: 0 | Y10: 0 | Z10: 0 | AA10: 0 | AB10: 0 | AC10: 0 | AD10: 0.037037037 | AE10: 0.041666667 | AF10: 0 | AG10: 0 | AH10: 0
B11: BF | C11: 0.12977099 | D11: 0 | E11: 0 | F11: 0 | G11: 0 | H11: 0 | I11: 0 | J11: 0.33333333 | K11: 0 | L11: 0 | M11: 0 | N11: 0.2 | O11: 0.5 | P11: 0.5 | Q11: 0.33333333 | R11: 0 | S11: 0.16666667 | T11: 0 | U11: 0.125 | V11: 0.28571429 | W11: 0.2 | X11: 0.5 | Y11: 0 | Z11: 0 | AA11: 0.5 | AB11: 0 | AC11: 0 | AD11: 0 | AE11: 0 | AF11: 0 | AG11: 0.1 | AH11: 0.090909091
B12: BG | C12: 0.039179104 | G12: 0 | H12: 0.33333333 | I12: 0.25 | J12: 0.33333333 | K12: 0 | L12: 0 | M12: 0.25 | N12: 0 | O12: 0 | P12: 0 | Q12: 0 | R12: 0.1 | S12: 0 | T12: 0 | U12: 0.076923077 | V12: 0 | W12: 0.035714286 | X12: 0.1 | Y12: 0 | Z12: 0.03125 | AA12: 0.060606061 | AB12: 0 | AC12: 0 | AD12: 0.071428571 | AE12: 0 | AF12: 0 | AG12: 0 | AH12: 0.071428571
B13: BO | C13: 0.076923077 | D13: 0 | E13: 0 | F13: 0 | G13: 0.25 | H13: 0 | I13: 0 | J13: 0 | K13: 0.125 | L13: 0.2 | M13: 0.4 | N13: 0 | O13: 0.2 | P13: 0 | Q13: 0 | R13: 0 | S13: 0 | T13: 0 | U13: 0.2 | V13: 0.4 | W13: 0 | X13: 0 | Y13: 0 | Z13: 0 | AA13: 0.5 | AB13: 0 | AC13: 0 | AD13: 0 | AE13: 0 | AF13: 0 | AG13: 0 | AH13: 0
B14: BR | C14: 0.026599569 | D14: 0 | E14: 0 | F14: 0 | G14: 0.052631579 | H14: 0 | I14: 0 | J14: 0.017857143 | K14: 0 | L14: 0.059701493 | M14: 0.063492063 | N14: 0 | O14: 0.018867925 | P14: 0 | Q14: 0.023255814 | R14: 0.022222222 | S14: 0.08 | T14: 0 | U14: 0 | V14: 0.048780488 | W14: 0.057142857 | X14: 0.09375 | Y14: 0.026315789 | Z14: 0.125 | AA14: 0.058823529 | AB14: 0 | AC14: 0 | AD14: 0.045454545 | AE14: 0.020833333 | AF14: 0 | AG14: 0 | AH14: 0.018518519
B15: BY | C15: 0.064171123 | P15: 0 | Q15: 0 | S15: 0 | T15: 0 | U15: 0.2 | V15: 0 | W15: 0 | X15: 0.0625 | Y15: 0.071428571 | Z15: 0 | AA15: 0 | AB15: 0 | AC15: 0 | AD15: 0 | AE15: 0.052631579 | AF15: 0.4375 | AG15: 0.16666667 | AH15: 0
B16: CI | C16: 0.10728745 | D16: 0.1 | E16: 0 | F16: 0 | G16: 0.11764706 | H16: 0.13333333 | I16: 0.1875 | J16: 0.25 | K16: 0.21428571 | L16: 0.18181818 | M16: 0.3 | N16: 0.14285714 | O16: 0 | P16: 0.28571429 | Q16: 0.16666667 | R16: 0.28571429 | S16: 0 | T16: 0.125 | U16: 0.125 | V16: 0 | W16: 0.071428571 | X16: 0.14285714 | Y16: 0.14285714 | Z16: 0.090909091 | AA16: 0 | AB16: 0.043478261 | AC16: 0.125 | AD16: 0.10344828 | AE16: 0.096774194 | AF16: 0.068965517 | AG16: 0.10714286 | AH16: 0.033333333
B17: CL | C17: 0.065217391 | D17: 0 | E17: 0.083333333 | F17: 0.076923077 | G17: 0 | H17: 0.083333333 | I17: 0 | J17: 0 | K17: 0 | L17: 0.2 | M17: 0 | N17: 0 | O17: 0 | P17: 0 | Q17: 0 | R17: 0 | S17: 0 | T17: 0 | U17: 0 | V17: 0 | W17: 0 | X17: 0.1 | Y17: 0 | Z17: 0.25925926 | AA17: 0.19047619 | AB17: 0.055555556 | AC17: 0.058823529 | AD17: 0.13333333 | AE17: 0 | AF17: 0 | AG17: 0.083333333 | AH17: 0
B18: CM | C18: 0.0625 | D18: 0 | E18: 0 | F18: 0.16666667 | G18: 0 | H18: 0 | I18: 0.2 | J18: 0 | K18: 0.2 | L18: 0 | M18: 0 | N18: 0.11111111 | O18: 0 | P18: 0.42857143 | Q18: 0.22222222 | R18: 0 | S18: 0.1 | T18: 0.11111111 | U18: 0 | V18: 0 | W18: 0 | X18: 0 | Y18: 0 | Z18: 0.1875 | AA18: 0.071428571 | AB18: 0 | AC18: 0.05 | AD18: 0 | AE18: 0 | AF18: 0.083333333 | AG18: 0.18181818 | AH18: 0
B19: CN | C19: 0.035611165 | D19: 0 | E19: 0.16666667 | F19: 0.16666667 | G19: 0 | H19: 0 | I19: 0 | J19: 0 | K19: 0.076923077 | L19: 0.052631579 | M19: 0.058823529 | N19: 0 | O19: 0.0625 | P19: 0.13636364 | Q19: 0.064516129 | R19: 0 | S19: 0.04 | T19: 0.039215686 | U19: 0.018518519 | V19: 0 | W19: 0.037037037 | X19: 0.11111111 | Y19: 0.08 | Z19: 0.02173913 | AA19: 0 | AB19: 0.020833333 | AC19: 0.040816327 | AD19: 0.04 | AE19: 0.017857143 | AF19: 0 | AG19: 0.02 | AH19: 0.02173913
B20: CO | C20: 0.031707317 | D20: 0 | E20: 0 | F20: 0 | G20: 0 | H20: 0 | I20: 0.2 | J20: 0 | K20: 0 | L20: 0 | M20: 0 | N20: 0 | O20: 0 | P20: 0 | Q20: 0 | R20: 0 | S20: 0 | T20: 0 | U20: 0 | V20: 0 | W20: 0 | X20: 0 | Y20: 0 | Z20: 0 | AA20: 0.071428571 | AB20: 0.043478261 | AC20: 0.2 | AD20: 0.16666667 | AE20: 0 | AF20: 0 | AG20: 0.029411765 | AH20: 0
B21: CR | C21: 0.025 | D21: 0 | E21: 0 | F21: 0 | G21: 0 | H21: 0 | I21: 0 | J21: 0.25 | K21: 0 | L21: 0 | M21: 0.33333333 | N21: 0 | O21: 0 | P21: 0 | Q21: 0 | R21: 0.5 | S21: 0 | T21: 0 | U21: 0 | V21: 0 | W21: 0.2 | X21: 0 | Y21: 0.066666667 | Z21: 0 | AA21: 0 | AB21: 0 | AC21: 0 | AD21: 0.055555556 | AE21: 0 | AF21: 0 | AG21: 0 | AH21: 0
B22: CZ | C22: 0.026785714 | D22: 0 | E22: 0.11111111 | F22: 0.083333333 | G22: 0 | H22: 0 | I22: 0 | J22: 0.16666667 | K22: 0 | L22: 0 | M22: 0 | N22: 0 | O22: 0 | P22: 0 | Q22: 0 | R22: 0 | S22: 0 | T22: 0 | U22: 0 | V22: 0 | W22: 0 | X22: 0 | Y22: 0 | Z22: 0 | AH22: 0
B23: DO | C23: 0.033653846 | D23: 0 | E23: 0 | F23: 0 | G23: 0 | H23: 0 | I23: 0 | J23: 0 | K23: 0 | L23: 0 | M23: 0 | N23: 0.2 | O23: 0 | P23: 0.11111111 | Q23: 0 | R23: 0 | S23: 0 | T23: 0 | U23: 0 | V23: 0.076923077 | W23: 0 | X23: 0 | Y23: 0.22222222 | Z23: 0 | AA23: 0.16666667 | AB23: 0.125 | AC23: 0 | AD23: 0 | AE23: 0 | AF23: 0 | AG23: 0 | AH23: 0
B24: EC | C24: 0.017921147 | D24: 0 | E24: 0 | F24: 0 | G24: 0 | H24: 0 | I24: 0.33333333 | J24: 0.2 | K24: 0 | L24: 0.25 | M24: 0 | N24: 0 | O24: 0 | P24: 0 | Q24: 0 | R24: 0 | S24: 0.25 | T24: 0 | U24: 0 | V24: 0 | W24: 0 | X24: 0 | Y24: 0 | Z24: 0.05 | AA24: 0 | AB24: 0 | AC24: 0 | AD24: 0 | AE24: 0 | AF24: 0 | AG24: 0 | AH24: 0
B25: EG | C25: 0.026759167 | D25: 0.16666667 | E25: 0 | F25: 0.11111111 | G25: 0 | H25: 0 | I25: 0.071428571 | J25: 0 | K25: 0.090909091 | L25: 0.23076923 | M25: 0.076923077 | N25: 0 | O25: 0.055555556 | P25: 0 | Q25: 0 | R25: 0.041666667 | S25: 0.045454545 | T25: 0.055555556 | U25: 0.052631579 | V25: 0 | W25: 0 | X25: 0.1 | Y25: 0.047619048 | Z25: 0.041666667 | AA25: 0.038461538 | AB25: 0.026666667 | AC25: 0.03125 | AD25: 0.021276596 | AE25: 0.010869565 | AF25: 0.010869565 | AG25: 0 | AH25: 0
B26: GA | C26: 0.051282051 | D26: 0 | E26: 0 | F26: 0 | G26: 0.5 | K26: 0 | L26: 0 | M26: 0 | N26: 0 | O26: 0 | P26: 0 | Q26: 0 | R26: 0 | S26: 0 | T26: 0 | U26: 0 | V26: 0 | W26: 0 | X26: 0 | Y26: 0 | Z26: 0 | AA26: 0.5 | AB26: 0 | AC26: 0 | AD26: 0 | AE26: 0 | AF26: 0 | AG26: 0.1 | AH26: 0.090909091
B27: GE | C27: 0.048275862 | H27: 0 | I27: 0 | J27: 0 | K27: 0.25 | L27: 0.33333333 | M27: 0 | N27: 0 | O27: 0 | P27: 0 | Q27: 0 | R27: 0.052631579 | S27: 0.043478261 | T27: 0.083333333 | U27: 0.11538462 | V27: 0 | W27: 0 | X27: 0 | Y27: 0.083333333 | Z27: 0 | AA27: 0.0625 | AB27: 0.12 | AC27: 0 | AD27: 0.1025641 | AE27: 0.057142857 | AF27: 0 | AG27: 0.037037037 | AH27: 0
B28: GH | C28: 0.078125 | D28: 0.2 | E28: 0.2 | F28: 0 | G28: 0 | H28: 0.33333333 | I28: 0 | J28: 0 | K28: 0 | L28: 0 | M28: 1 | N28: 0 | O28: 0 | P28: 0 | Q28: 0 | R28: 0 | S28: 0 | T28: 0 | U28: 0 | V28: 0.090909091 | W28: 0 | X28: 0.0625 | Y28: 0.125 | Z28: 0.11764706 | AA28: 0 | AB28: 0.043478261 | AC28: 0 | AD28: 0.045454545 | AE28: 0.11538462 | AF28: 0.086956522 | AG28: 0.20833333 | AH28: 0.13043478
B29: GT | C29: 0.034482759 | D29: 0 | E29: 0 | F29: 0 | G29: 0 | H29: 0 | I29: 0 | J29: 0 | K29: 0 | L29: 0 | M29: 0 | N29: 0 | O29: 0 | P29: 0 | Q29: 0 | R29: 0 | S29: 0 | T29: 0 | U29: 0 | V29: 0 | W29: 0 | X29: 0 | Y29: 0 | Z29: 0.090909091 | AA29: 0.090909091 | AB29: 0.3 | AC29: 0.11111111 | AD29: 0.14285714 | AE29: 0 | AF29: 0 | AG29: 0 | AH29: 0
B30: HN | C30: 0.036231884 | E30: 0 | F30: 0 | G30: 0 | H30: 0 | I30: 0 | J30: 0 | K30: 0 | L30: 0 | M30: 0.33333333 | N30: 0 | O30: 0 | P30: 0 | Q30: 0 | R30: 0 | S30: 0 | T30: 0 | U30: 0 | V30: 0 | W30: 0 | X30: 0 | Y30: 0.035714286 | Z30: 0.11538462 | AA30: 0 | AB30: 0.04 | AC30: 0.041666667 | AD30: 0 | AE30: 0 | AF30: 0 | AG30: 0.17647059 | AH30: 0
B31: HR | C31: 0.021582734 | F31: 0 | G31: 0 | H31: 0 | I31: 0 | J31: 0 | K31: 0 | L31: 0.1 | M31: 0 | N31: 0 | O31: 0 | P31: 0 | Q31: 0 | R31: 0 | S31: 0.1 | T31: 0 | U31: 0.090909091 | V31: 0.11111111 | W31: 0 | X31: 0 | Y31: 0 | Z31: 0 | AA31: 0 | AB31: 0 | AC31: 0 | AD31: 0.055555556 | AE31: 0.1 | AF31: 0 | AG31: 0 | AH31: 0
B32: HU | C32: 0.030927835 | D32: 0 | E32: 0 | F32: 0.066666667 | G32: 0.083333333 | H32: 0 | I32: 0 | J32: 0 | K32: 0.125 | L32: 0.14285714 | M32: 0 | N32: 0 | O32: 0 | P32: 0 | Q32: 0 | R32: 0 | S32: 0 | T32: 0 | U32: 0 | V32: 0.16666667 | W32: 0 | X32: 0 | Y32: 0 | Z32: 0 | AA32: 0 | AB32: 0 | AC32: 0 | AD32: 0 | AE32: 0 | AF32: 0 | AG32: 0 | AH32: 0.25
B33: ID | C33: 0.04 | D33: 0 | E33: 0 | F33: 0 | G33: 0 | H33: 0.33333333 | I33: 0.0625 | J33: 0.066666667 | K33: 0.076923077 | L33: 0.083333333 | M33: 0 | N33: 0.15384615 | O33: 0 | P33: 0 | Q33: 0 | R33: 0 | S33: 0 | T33: 0 | U33: 0 | V33: 0.066666667 | W33: 0 | X33: 0 | Y33: 0 | Z33: 0.066666667 | AA33: 0.052631579 | AB33: 0.045454545 | AC33: 0 | AD33: 0.076923077 | AE33: 0.043478261 | AF33: 0 | AG33: 0 | AH33: 0
B34: IN | C34: 0.035547786 | D34: 0 | E34: 0 | F34: 0 | G34: 0.10526316 | H34: 0.14285714 | I34: 0 | J34: 0 | K34: 0.1 | L34: 0.23076923 | M34: 0.125 | N34: 0.076923077 | O34: 0.055555556 | P34: 0 | Q34: 0 | R34: 0.060606061 | S34: 0.043478261 | T34: 0.018181818 | U34: 0.061538462 | V34: 0 | W34: 0.048780488 | X34: 0.065934066 | Y34: 0.0096153846 | Z34: 0.045045045 | AA34: 0 | AB34: 0.048543689 | AC34: 0.069306931 | AD34: 0.066037736 | AE34: 0.031578947 | AF34: 0.010204082 | AG34: 0.0096153846 | AH34: 0
B35: JM | C35: 0.004950495 | D35: 0 | E35: 0 | F35: 0 | G35: 0 | H35: 0 | I35: 0 | J35: 0 | K35: 0 | L35: 0 | M35: 0 | N35: 0 | O35: 0 | P35: 0 | Q35: 0 | R35: 0 | S35: 0 | T35: 0 | U35: 0 | V35: 0 | W35: 0 | X35: 0 | Y35: 0 | Z35: 0 | AA35: 0 | AB35: 0 | AC35: 0 | AD35: 0 | AE35: 0 | AF35: 0 | AG35: 0.16666667 | AH35: 0
B36: JO | C36: 0.02 | D36: 0 | E36: 0 | F36: 0.5 | G36: 0 | H36: 0 | I36: 0 | J36: 0 | K36: 0 | L36: 0.2 | M36: 0 | N36: 0.1 | O36: 0.14285714 | P36: 0 | Q36: 0 | R36: 0 | S36: 0 | T36: 0 | U36: 0 | V36: 0 | W36: 0.066666667 | X36: 0 | Y36: 0 | Z36: 0 | AA36: 0.021276596 | AB36: 0 | AC36: 0.021276596 | AD36: 0.020408163 | AE36: 0.02 | AF36: 0.020833333 | AG36: 0.022222222 | AH36: 0
B37: KE | C37: 0.052272727 | D37: 0 | E37: 0 | F37: 0 | G37: 0 | H37: 0.25 | I37: 0 | J37: 0.16666667 | K37: 0.22222222 | L37: 0 | M37: 0.125 | N37: 0 | O37: 0.11111111 | P37: 0 | Q37: 0 | R37: 0.1 | S37: 0 | T37: 0 | U37: 0 | V37: 0.1 | W37: 0 | X37: 0.16666667 | Y37: 0 | Z37: 0 | AA37: 0.05 | AB37: 0.047619048 | AC37: 0.066666667 | AD37: 0.10810811 | AE37: 0 | AF37: 0 | AG37: 0.097560976 | AH37: 0.021276596
B38: KG | C38: 0.0057471264 | F38: 0 | G38: 0 | H38: 0 | I38: 0 | J38: 0 | K38: 0 | L38: 0 | M38: 0 | N38: 0 | O38: 0 | P38: 0 | Q38: 0 | R38: 0 | S38: 0 | T38: 0 | U38: 0 | V38: 0 | W38: 0.076923077 | X38: 0 | Y38: 0 | Z38: 0 | AA38: 0 | AB38: 0 | AC38: 0 | AD38: 0 | AE38: 0 | AF38: 0 | AG38: 0 | AH38: 0
B39: KZ | C39: 0.013675214 | H39: 0 | I39: 0 | J39: 0 | K39: 0.16666667 | L39: 0 | M39: 0 | N39: 0 | O39: 0 | P39: 0 | Q39: 0 | R39: 0 | S39: 0 | T39: 0.125 | U39: 0.13333333 | V39: 0.058823529 | W39: 0 | X39: 0.03125 | Y39: 0 | Z39: 0 | AA39: 0 | AB39: 0 | AC39: 0 | AD39: 0.024390244 | AE39: 0 | AF39: 0 | AG39: 0 | AH39: 0
B40: LK | C40: 0 | H40: 0 | I40: 0 | J40: 0 | K40: 0 | L40: 0 | M40: 0 | N40: 0 | O40: 0 | P40: 0 | Q40: 0 | R40: 0 | S40: 0 | T40: 0 | U40: 0 | V40: 0 | W40: 0 | X40: 0 | Y40: 0 | Z40: 0 | AA40: 0 | AB40: 0 | AC40: 0 | AD40: 0 | AE40: 0 | AF40: 0 | AG40: 0 | AH40: 0
B41: MA | C41: 0.025531915 | D41: 0.2 | E41: 0 | F41: 0 | G41: 0 | H41: 0 | I41: 0 | J41: 0 | K41: 0 | L41: 0 | M41: 0 | N41: 0 | O41: 0.25 | P41: 0 | Q41: 0 | R41: 0 | S41: 0 | T41: 0 | U41: 0 | V41: 0.5 | W41: 0 | X41: 0 | Y41: 0 | Z41: 0.11111111 | AA41: 0 | AB41: 0 | AC41: 0 | AD41: 0.047619048 | AE41: 0 | AF41: 0 | AG41: 0.043478261 | AH41: 0
B42: MD | C42: 0.029069767 | G42: 0 | H42: 0 | I42: 0.5 | J42: 0 | K42: 0 | L42: 0 | M42: 0 | N42: 0 | O42: 0 | P42: 0 | Q42: 0 | R42: 0 | S42: 0 | T42: 0 | U42: 0.14285714 | V42: 0 | W42: 0 | X42: 0 | Y42: 0.18181818 | Z42: 0.090909091 | AA42: 0 | AB42: 0 | AC42: 0 | AD42: 0 | AE42: 0 | AF42: 0 | AG42: 0 | AH42: 0
B43: MG | C43: 0.080246914 | D43: 0 | E43: 0 | F43: 0 | G43: 0 | H43: 0 | I43: 0 | J43: 0 | K43: 0 | L43: 0.16666667 | M43: 0 | N43: 0 | O43: 0.6 | P43: 0 | Q43: 0 | R43: 0 | S43: 0 | T43: 0.125 | U43: 0 | V43: 0.25 | W43: 0 | X43: 0 | Y43: 0 | Z43: 0.75 | AA43: 0 | AB43: 0.33333333 | AC43: 0 | AD43: 0 | AE43: 0.33333333 | AF43: 0 | AG43: 0 | AH43: 0
B44: MK | C44: 0.010582011 | H44: 0 | I44: 0 | J44: 0.2 | K44: 0 | L44: 0 | M44: 0 | N44: 0 | O44: 0 | P44: 0 | Q44: 0 | R44: 0 | S44: 0 | T44: 0.16666667 | U44: 0 | V44: 0 | W44: 0 | X44: 0 | Y44: 0 | Z44: 0 | AA44: 0 | AB44: 0 | AC44: 0 | AD44: 0 | AE44: 0 | AF44: 0 | AG44: 0 | AH44: 0
B45: ML | C45: 0.15 | D45: 0 | E45: 0 | F45: 0 | G45: 0.125 | H45: 0.11111111 | I45: 0.22222222 | J45: 0 | K45: 0 | L45: 0.18181818 | M45: 0.2 | N45: 0.33333333 | O45: 0.14285714 | P45: 0.2 | Q45: 0 | R45: 0 | S45: 0 | T45: 0.16666667 | U45: 0.2 | V45: 0 | W45: 0 | X45: 0.2 | Y45: 0 | Z45: 0 | AA45: 0 | AB45: 0.23076923 | AC45: 0.27272727 | AD45: 0.14285714 | AE45: 0.125 | AF45: 0.33333333 | AG45: 0.33333333 | AH45: 0.42857143
B46: MM | C46: 0.12781955 | Y46: 0 | Z46: 0 | AA46: 0 | AB46: 0 | AC46: 0.041666667 | AD46: 0.086956522 | AE46: 0.4 | AF46: 0.33333333 | AG46: 0.28571429 | AH46: 0
B47: MN | C47: 0.042713568 | R47: 0 | S47: 0 | T47: 0 | U47: 0 | V47: 0 | W47: 0.04 | X47: 0.096774194 | Y47: 0.071428571 | Z47: 0.068965517 | AA47: 0 | AB47: 0.1 | AC47: 0 | AD47: 0.16129032 | AE47: 0 | AF47: 0 | AG47: 0.033333333 | AH47: 0
B48: MX | C48: 0.035971223 | D48: 0 | E48: 0 | F48: 0 | G48: 0 | H48: 0 | I48: 0 | J48: 0 | K48: 0.032258065 | L48: 0.10344828 | M48: 0.037037037 | N48: 0.10344828 | O48: 0.041666667 | P48: 0 | Q48: 0.08 | R48: 0 | S48: 0.11111111 | T48: 0.0625 | U48: 0 | V48: 0 | W48: 0.16 | X48: 0 | Y48: 0.027027027 | Z48: 0.065217391 | AA48: 0.088888889 | AB48: 0 | AC48: 0.045454545 | AD48: 0.040816327 | AE48: 0.055555556 | AF48: 0 | AG48: 0.020408163 | AH48: 0.020833333
B49: MZ | C49: 0.069868996 | D49: 0 | E49: 0 | F49: 0 | G49: 0.33333333 | H49: 0 | I49: 0 | J49: 0 | K49: 0 | L49: 0.14285714 | M49: 0 | N49: 0 | O49: 0.1 | P49: 0 | Q49: 0 | R49: 0.1 | S49: 0.090909091 | T49: 0.090909091 | U49: 0 | V49: 0 | W49: 0 | X49: 0.25 | Y49: 0.33333333 | Z49: 0 | AA49: 0 | AB49: 0.14285714 | AC49: 0 | AD49: 0.11111111 | AE49: 0.25 | AF49: 0 | AG49: 0.090909091 | AH49: 0.083333333
B50: NG | C50: 0.084795322 | D50: 0.5 | E50: 0 | F50: 0 | G50: 0 | H50: 0.5 | M50: 0 | N50: 0.33333333 | O50: 0 | P50: 0 | Q50: 0.16666667 | R50: 0.11111111 | S50: 0.14285714 | T50: 0 | U50: 0.090909091 | V50: 0.18181818 | W50: 0 | X50: 0.071428571 | Y50: 0.125 | Z50: 0.08 | AA50: 0.14814815 | AB50: 0.04 | AC50: 0.034482759 | AD50: 0.04 | AE50: 0.11538462 | AF50: 0.045454545 | AG50: 0.045454545 | AH50: 0.090909091
B51: NI | C51: 0.046692607 | I51: 0 | J51: 0 | K51: 0 | L51: 0 | M51: 0.5 | N51: 0 | O51: 0 | P51: 0 | Q51: 0 | R51: 0 | S51: 0 | T51: 0.2 | U51: 0 | V51: 0 | W51: 0.125 | X51: 0.125 | Y51: 0 | Z51: 0 | AA51: 0 | AB51: 0.086956522 | AC51: 0.090909091 | AD51: 0.14285714 | AE51: 0 | AF51: 0 | AG51: 0.055555556 | AH51: 0
B52: OT | C52: 0.035135135 | F52: 0 | G52: 0 | H52: 0 | I52: 0 | J52: 0 | K52: 0 | L52: 0.5 | M52: 0 | O52: 0 | P52: 0 | Q52: 0 | R52: 0 | S52: 0 | T52: 0.11764706 | U52: 0.095238095 | V52: 0.045454545 | W52: 0.10344828 | X52: 0.13157895 | Y52: 0 | Z52: 0.043478261 | AA52: 0.021276596 | AB52: 0.019230769 | AC52: 0.037037037 | AD52: 0 | AE52: 0.035714286 | AF52: 0 | AG52: 0.028571429 | AH52: 0.025641026
B53: PA | C53: 0.06122449 | F53: 0 | G53: 0 | H53: 0 | I53: 0 | J53: 0 | K53: 0 | L53: 0.25 | M53: 0 | N53: 0 | O53: 0 | P53: 0 | Q53: 0 | R53: 0 | S53: 0 | T53: 0 | U53: 0 | V53: 0.2 | W53: 0 | X53: 0 | Y53: 0.2 | Z53: 0 | AA53: 0.076923077 | AB53: 0.076923077 | AC53: 0 | AD53: 0 | AE53: 0.375 | AF53: 0 | AG53: 0 | AH53: 0
B54: PE | C54: 0.023504274 | D54: 0 | E54: 0 | F54: 0 | G54: 0 | H54: 0 | I54: 0 | J54: 0.14285714 | K54: 0.11111111 | L54: 0.090909091 | M54: 0.083333333 | N54: 0 | O54: 0 | P54: 0 | Q54: 0 | R54: 0 | S54: 0 | T54: 0.076923077 | U54: 0 | V54: 0 | W54: 0 | X54: 0 | Y54: 0 | Z54: 0.037037037 | AA54: 0.074074074 | AB54: 0 | AC54: 0 | AD54: 0 | AE54: 0 | AF54: 0.034482759 | AG54: 0.03030303 | AH54: 0.032258065
B56: =B4 -> ISO country code | C56: =C4 -> Average default rate | D56: =D4 -> 1994 | E56: =E4 -> 1995 | F56: =F4 -> 1996 | G56: =G4 -> 1997 | H56: =H4 -> 1998 | I56: =I4 -> 1999 | ... AH56: =AH4 -> 2024
B57: PH | C57: 0.053968254 | D57: 0 | E57: 0.090909091 | F57: 0 | G57: 0.125 | H57: 0 | I57: 0 | J57: 0 | K57: 0.076923077 | L57: 0.16666667 | M57: 0.33333333 | N57: 0.2 | O57: 0 | P57: 0.090909091 | Q57: 0.16666667 | R57: 0 | S57: 0 | T57: 0 | U57: 0 | V57: 0 | W57: 0 | X57: 0 | Y57: 0 | Z57: 0 | AA57: 0.13333333 | AB57: 0 | AC57: 0 | AD57: 0.11111111 | AE57: 0.14285714 | AF57: 0 | AG57: 0 | AH57: 0
B58: PK | C58: 0.03861518 | D58: 0 | E58: 0 | F58: 0 | G58: 0.045454545 | H58: 0.61904762 | I58: 0.14285714 | J58: 0 | K58: 0 | L58: 0 | M58: 0 | N58: 0.14285714 | O58: 0 | P58: 0 | Q58: 0 | R58: 0.071428571 | S58: 0.14285714 | T58: 0 | U58: 0 | V58: 0.052631579 | W58: 0 | X58: 0.041666667 | Y58: 0 | Z58: 0.023809524 | AA58: 0 | AB58: 0.020408163 | AC58: 0 | AD58: 0 | AE58: 0 | AF58: 0 | AG58: 0.10169492 | AH58: 0
B59: PL | C59: 0.025437202 | D59: 0.096774194 | E59: 0.035714286 | F59: 0.033333333 | G59: 0 | H59: 0 | I59: 0.045454545 | J59: 0 | K59: 0.043478261 | L59: 0.05 | M59: 0 | N59: 0 | O59: 0 | P59: 0 | Q59: 0.11111111 | R59: 0 | S59: 0 | T59: 0.125 | U59: 0 | V59: 0 | W59: 0 | X59: 0 | Y59: 0 | Z59: 0 | AA59: 0.12 | AB59: 0 | AC59: 0 | AD59: 0.041666667 | AE59: 0 | AF59: 0 | AG59: 0.052631579 | AH59: 0
B60: PY | C60: 0.0088495575 | P60: 0 | Q60: 0 | S60: 0 | T60: 0 | U60: 0 | V60: 0 | W60: 0 | X60: 0 | Y60: 0.125 | Z60: 0 | AA60: 0 | AB60: 0 | AC60: 0 | AD60: 0 | AE60: 0 | AF60: 0 | AG60: 0 | AH60: 0
B61: REG | C61: 0.036132812 | D61: 0 | E61: 0 | F61: 0 | G61: 0 | H61: 0 | I61: 0 | J61: 0 | K61: 0.125 | L61: 0 | M61: 0.058823529 | N61: 0.043478261 | O61: 0 | P61: 0 | Q61: 0 | R61: 0 | S61: 0.096774194 | T61: 0.058823529 | U61: 0 | V61: 0.02173913 | W61: 0.018518519 | X61: 0.068965517 | Y61: 0.063492063 | Z61: 0.033898305 | AA61: 0.058823529 | AB61: 0 | AC61: 0.021276596 | AD61: 0.020833333 | AE61: 0.06122449 | AF61: 0 | AG61: 0.065789474 | AH61: 0.047619048
B62: RO | C62: 0.013071895 | D62: 0 | E62: 0 | F62: 0 | G62: 0 | H62: 0 | I62: 0 | J62: 0 | K62: 0.058823529 | L62: 0.066666667 | M62: 0 | N62: 0 | O62: 0 | P62: 0 | Q62: 0 | R62: 0 | S62: 0 | T62: 0.041666667 | U62: 0.045454545 | V62: 0.035714286 | W62: 0 | X62: 0 | Y62: 0 | Z62: 0.057142857 | AA62: 0.043478261 | AB62: 0 | AC62: 0 | AD62: 0 | AE62: 0 | AF62: 0 | AG62: 0 | AH62: 0
B63: RS | C63: 0.04178273 | L63: 0 | M63: 0 | N63: 0 | O63: 0 | P63: 0 | Q63: 0 | R63: 0 | S63: 0 | T63: 0.125 | U63: 0 | V63: 0.13043478 | W63: 0.086956522 | X63: 0.16666667 | Y63: 0 | Z63: 0 | AA63: 0.05 | AB63: 0 | AC63: 0 | AD63: 0.095238095 | AE63: 0 | AF63: 0 | AG63: 0 | AH63: 0.052631579
B64: RU | C64: 0.02520436 | D64: 0 | E64: 0 | F64: 0.095238095 | G64: 0.04 | H64: 0.25 | I64: 0.041666667 | J64: 0.060606061 | K64: 0 | L64: 0 | M64: 0 | N64: 0 | O64: 0 | P64: 0 | Q64: 0.014285714 | R64: 0.0375 | S64: 0.034482759 | T64: 0.03960396 | U64: 0.020618557 | V64: 0.010416667 | W64: 0 | X64: 0.011494253 | Y64: 0.06097561 | Z64: 0.01754386 | AA64: 0.024390244 | AB64: 0 | AC64: 0 | AD64: 0 | AE64: 0.090909091 | AF64: 0 | AG64: 0 | AH64: 0.2
B65: RW | C65: 0.10714286 | E65: 1 | R65: 0 | S65: 0.5 | T65: 0 | U65: 0 | V65: 0 | W65: 0 | X65: 0 | Y65: 0.33333333 | Z65: 0.090909091 | AA65: 0 | AB65: 0 | AC65: 0.41666667 | AD65: 0 | AE65: 0 | AF65: 0 | AG65: 0.2 | AH65: 0
B66: SI | C66: 0.017094017 | D66: 0 | E66: 0 | F66: 0 | G66: 0 | H66: 0 | I66: 0 | J66: 0 | K66: 0 | L66: 0 | M66: 0 | N66: 0 | O66: 0 | P66: 0 | Q66: 0 | R66: 0 | S66: 0 | T66: 0 | U66: 0 | V66: 0 | W66: 0 | X66: 0 | Y66: 0 | Z66: 0 | AA66: 0 | AB66: 0.2 | AC66: 0 | AD66: 0 | AE66: 0 | AF66: 0 | AG66: 0 | AH66: 0.33333333
B67: SN | C67: 0.076595745 | D67: 0 | E67: 0 | F67: 0 | G67: 0 | H67: 0 | I67: 0 | J67: 0.25 | K67: 0 | L67: 0 | M67: 0 | N67: 0.125 | O67: 0 | P67: 0 | Q67: 0.1 | R67: 0.27272727 | S67: 0.16666667 | T67: 0 | U67: 0.11764706 | V67: 0.066666667 | W67: 0 | X67: 0.095238095 | Y67: 0.086956522 | Z67: 0 | AA67: 0.12903226 | AB67: 0.076923077 | AC67: 0.076923077 | AD67: 0.13333333 | AE67: 0.035714286 | AF67: 0.1 | AG67: 0.060606061 | AH67: 0.085714286
B68: SV | C68: 0.0043478261 | E68: 0 | F68: 0 | G68: 0 | H68: 0 | I68: 0 | J68: 0 | K68: 0 | L68: 0 | M68: 0 | N68: 0 | O68: 0 | P68: 0 | Q68: 0 | R68: 0 | S68: 0 | T68: 0 | U68: 0 | V68: 0 | W68: 0 | X68: 0 | Y68: 0 | Z68: 0 | AA68: 0 | AB68: 0 | AC68: 0 | AD68: 0 | AE68: 0 | AF68: 0.043478261 | AG68: 0 | AH68: 0
B69: TG | C69: 0.094339623 | D69: 0 | F69: 0 | G69: 0 | H69: 1 | J69: 0 | K69: 0 | L69: 0.5 | M69: 0 | N69: 0.5 | O69: 0 | P69: 0 | Q69: 0.5 | R69: 0 | S69: 0 | T69: 0 | U69: 0 | V69: 0 | W69: 0.28571429 | X69: 0.14285714 | Y69: 0 | Z69: 0.14285714 | AA69: 0 | AB69: 0.16666667 | AC69: 0 | AD69: 0 | AE69: 0 | AF69: 0 | AG69: 0.14285714 | AH69: 0
B70: TH | C70: 0.031055901 | D70: 0 | E70: 0.090909091 | F70: 0 | G70: 0.076923077 | H70: 0.25 | I70: 0 | J70: 0.22222222 | K70: 0 | L70: 0 | M70: 0.33333333 | N70: 0 | O70: 0 | P70: 0 | Q70: 0 | R70: 0 | S70: 0 | T70: 0 | U70: 0 | V70: 0 | W70: 0 | X70: 0 | Y70: 0 | Z70: 0 | AA70: 0 | AB70: 0.076923077 | AC70: 0.0625 | AD70: 0 | AE70: 0 | AF70: 0 | AG70: 0 | AH70: 0
B71: TJ | C71: 0.061320755 | H71: 0 | I71: 0 | J71: 0 | K71: 0 | L71: 0 | M71: 0.25 | N71: 0 | O71: 0 | P71: 0.33333333 | Q71: 0.25 | R71: 0 | S71: 0.33333333 | T71: 0.16666667 | U71: 0.25 | V71: 0.14285714 | W71: 0 | X71: 0.125 | Y71: 0.090909091 | Z71: 0 | AA71: 0.083333333 | AB71: 0 | AC71: 0 | AD71: 0 | AE71: 0 | AF71: 0 | AG71: 0.076923077 | AH71: 0.076923077
B72: TM | C72: 0.14084507 | J72: 0 | K72: 0 | L72: 0 | M72: 0 | N72: 0 | O72: 0 | P72: 0 | T72: 0 | U72: 0 | V72: 0.090909091 | W72: 0 | X72: 0.066666667 | Y72: 0.071428571 | Z72: 0 | AA72: 0 | AB72: 0 | AC72: 0.33333333 | AD72: 0.125 | AE72: 0.31818182 | AF72: 0.64705882 | AG72: 0 | AH72: 0
B73: TN | C73: 0.041666667 | D73: 0 | E73: 0 | F73: 0 | G73: 0 | H73: 0 | I73: 0 | J73: 0 | M73: 0 | N73: 0 | O73: 0 | P73: 0 | Q73: 0 | R73: 0 | S73: 0 | T73: 0 | U73: 0.2 | V73: 0 | W73: 0.14285714 | X73: 0 | Y73: 0.33333333 | Z73: 0.14285714 | AA73: 0 | AB73: 0 | AC73: 0 | AD73: 0 | AE73: 0 | AF73: 0 | AG73: 0.066666667 | AH73: 0
B74: TR | C74: 0.03192046 | D74: 0.045454545 | E74: 0.086956522 | F74: 0 | G74: 0.083333333 | H74: 0 | I74: 0.12 | J74: 0 | K74: 0.071428571 | L74: 0 | M74: 0.13793103 | N74: 0 | O74: 0.0625 | P74: 0 | Q74: 0 | R74: 0.081081081 | S74: 0.03125 | T74: 0.03030303 | U74: 0 | V74: 0.02 | W74: 0 | X74: 0.023809524 | Y74: 0.02173913 | Z74: 0.040816327 | AA74: 0.0089285714 | AB74: 0.059259259 | AC74: 0.043478261 | AD74: 0.079136691 | AE74: 0.016393443 | AF74: 0 | AG74: 0.0085470085 | AH74: 0.018018018
B75: TZ | C75: 0.076023392 | D75: 0 | E75: 0.2 | F75: 0 | G75: 0.25 | H75: 0.25 | I75: 0 | J75: 0 | K75: 0 | L75: 0.66666667 | M75: 0 | N75: 0 | O75: 0 | P75: 0 | Q75: 0 | R75: 0 | S75: 0 | T75: 0 | U75: 0 | V75: 0 | W75: 0 | X75: 0.125 | Y75: 0 | Z75: 0.15384615 | AA75: 0 | AB75: 0.16666667 | AC75: 0.083333333 | AD75: 0.18181818 | AE75: 0 | AF75: 0 | AG75: 0 | AH75: 0
B76: UA | C76: 0.078125 | F76: 0.25 | G76: 0 | H76: 0 | I76: 0 | J76: 0 | K76: 0 | L76: 0 | M76: 0 | N76: 0 | O76: 0 | P76: 0 | Q76: 0 | R76: 0.023255814 | S76: 0.044444444 | T76: 0.096153846 | U76: 0.018181818 | V76: 0 | W76: 0.012987013 | X76: 0.13580247 | Y76: 0.12345679 | Z76: 0.041666667 | AA76: 0 | AB76: 0.012658228 | AC76: 0.06741573 | AD76: 0.21568627 | AE76: 0 | AF76: 0.44705882 | AG76: 0.048780488 | AH76: 0.023255814
B77: UG | C77: 0.045751634 | D77: 0 | E77: 0 | F77: 0 | G77: 0 | H77: 0 | I77: 0.25 | J77: 0.2 | K77: 0 | L77: 0 | M77: 0 | N77: 0 | O77: 0 | P77: 0.33333333 | Q77: 0 | R77: 0.14285714 | S77: 0 | T77: 0.125 | U77: 0 | V77: 0.2 | W77: 0 | X77: 0 | Y77: 0 | Z77: 0 | AA77: 0.055555556 | AB77: 0 | AC77: 0.090909091 | AD77: 0 | AE77: 0.125 | AF77: 0 | AG77: 0.047619048 | AH77: 0
B78: UY | C78: 0.018518519 | D78: 0 | E78: 0.5 | F78: 0 | G78: 0 | H78: 0.33333333 | I78: 0 | J78: 0 | K78: 0 | L78: 0.33333333 | M78: 0.33333333 | N78: 0 | O78: 0 | P78: 0.5 | Q78: 0 | R78: 0 | S78: 0 | T78: 0 | U78: 0 | V78: 0 | W78: 0 | X78: 0 | Y78: 0 | Z78: 0 | AA78: 0 | AB78: 0 | AC78: 0 | AD78: 0 | AE78: 0 | AF78: 0 | AG78: 0 | AH78: 0
B79: UZ | C79: 0.073170732 | D79: 0 | E79: 0 | F79: 0 | G79: 0 | H79: 0 | I79: 0.5 | J79: 0 | K79: 0 | L79: 0 | M79: 0 | N79: 0 | O79: 0 | P79: 0.33333333 | Q79: 0.2 | R79: 0.33333333 | S79: 0.14285714 | T79: 0.71428571 | U79: 0 | V79: 0 | W79: 0.052631579 | X79: 0 | Y79: 0 | Z79: 0 | AA79: 0.2 | AB79: 0 | AC79: 0 | AD79: 0 | AE79: 0.071428571 | AF79: 0.086956522 | AG79: 0.032258065 | AH79: 0
B80: VE | C80: 0.0625 | D80: 0.11111111 | E80: 0.33333333 | F80: 0 | G80: 0 | H80: 0 | I80: 0 | J80: 0 | K80: 0 | L80: 0.2 | M80: 0 | N80: 0 | O80: 0 | P80: 0.16666667 | Q80: 0 | R80: 0 | S80: 0 | T80: 0 | U80: 0 | V80: 0 | W80: 0 | X80: 0 | Y80: 0 | Z80: 0 | AA80: 0 | AB80: 0 | AC80: 1
B81: VN | C81: 0.042813456 | E81: 0 | F81: 0 | G81: 0 | H81: 0.14285714 | I81: 0 | J81: 0.125 | K81: 0.33333333 | L81: 0 | M81: 0.25 | N81: 0 | O81: 0 | P81: 0 | Q81: 0 | R81: 0.16666667 | S81: 0 | T81: 0 | U81: 0.21428571 | V81: 0 | W81: 0.066666667 | X81: 0.13333333 | Y81: 0 | Z81: 0 | AA81: 0 | AB81: 0 | AC81: 0 | AD81: 0 | AE81: 0 | AF81: 0.037037037 | AG81: 0 | AH81: 0.028571429
B82: ZA | C82: 0.020408163 | I82: 0 | J82: 0 | K82: 0 | L82: 0 | M82: 0.2 | N82: 0.2 | O82: 0.16666667 | P82: 0 | Q82: 0 | R82: 0 | S82: 0 | T82: 0 | U82: 0 | V82: 0.076923077 | W82: 0.1 | X82: 0 | Y82: 0.05 | Z82: 0.043478261 | AA82: 0.051724138 | AB82: 0.016393443 | AC82: 0 | AD82: 0 | AE82: 0.012987013 | AF82: 0 | AG82: 0.011111111 | AH82: 0.01980198
B83: ZM | C83: 0.068062827 | D83: 0 | E83: 0.4 | F83: 0 | G83: 0 | H83: 0 | I83: 0.33333333 | J83: 0 | K83: 0.25 | L83: 0 | M83: 0.25 | N83: 0 | O83: 0 | P83: 0 | Q83: 0 | R83: 0 | S83: 0.16666667 | T83: 0 | U83: 0 | V83: 0 | W83: 0 | X83: 0 | Y83: 0 | Z83: 0.22222222 | AA83: 0 | AB83: 0 | AC83: 0 | AD83: 0.21428571 | AE83: 0.083333333 | AF83: 0 | AG83: 0.076923077 | AH83: 0
B84: ZW | C84: 0.066037736 | D84: 0.083333333 | E84: 0.071428571 | F84: 0 | G84: 0.076923077 | H84: 0 | I84: 0.125 | J84: 0 | K84: 0 | L84: 0 | M84: 0 | N84: 0 | O84: 0.5 | P84: 0 | Q84: 0 | R84: 0 | S84: 1 | V84: 0 | W84: 0 | X84: 0 | Y84: 0 | Z84: 0.5 | AA84: 0 | AB84: 0 | AC84: 0 | AG84: 0 | AH84: 0
B85: 0 | C85: 0
B86: 0 | C86: 0
B87: 0 | C87: 0
B88: 0 | C88: 0
B89: 0 | C89: 0
B90: 0 | C90: 0
B91: 0 | C91: 0
B92: 0 | C92: 0
B93: 0 | C93: 0
B94: 0 | C94: 0
B95: 0 | C95: 0
B96: 0 | C96: 0
... B106: 0 | C106: 0
B108: =B56 -> ISO country code | C108: =C56 -> Average default rate | D108: =D56 -> 1994 | E108: =E56 -> 1995 | F108: =F56 -> 1996 | G108: =G56 -> 1997 | H108: =H56 -> 1998 | I108: =I56 -> 1999 | ... AH108: =AH56 -> 2024
B109: 0 | C109: 0
B110: 0 | C110: 0
B111: 0 | C111: 0
B112: 0 | C112: 0
B113: 0 | C113: 0
...

Sheet DR_Ctry-SecGrp_Year
B2: Table 21: Annual default rates by country and sector grouping – banking
B4: ISO country code | C4: Average default rate | D4: 1994 | E4: 1995 | F4: 1996 | G4: 1997 | H4: 1998 | I4: 1999 | J4: 2000 | K4: 2001 | L4: 2002 | M4: 2003 | N4: 2004 | O4: 2005 | P4: 2006 | Q4: 2007 | R4: 2008 | S4: 2009 | T4: 2010 | U4: 2011 | V4: 2012 | W4: 2013 | X4: 2014 | Y4: 2015 | Z4: 2016 | AA4: 2017 | AB4: 2018 | AC4: 2019 | AD4: 2020 | AE4: 2021 | AF4: 2022 | AG4: 2023 | AH4: 2024
B5: AM | C5: 0 | K5: 0 | L5: 0 | M5: 0 | N5: 0 | O5: 0 | P5: 0 | Q5: 0 | R5: 0 | S5: 0 | T5: 0 | U5: 0 | V5: 0 | W5: 0 | X5: 0 | Y5: 0 | Z5: 0 | AA5: 0 | AB5: 0 | AC5: 0 | AD5: 0 | AE5: 0 | AF5: 0 | AG5: 0 | AH5: 0
B6: AR | C6: 0.041916168 | D6: 0 | E6: 0 | F6: 0 | G6: 0 | H6: 0 | I6: 0 | J6: 0 | K6: 0 | L6: 0.625 | M6: 0 | N6: 0 | O6: 0 | P6: 0 | Q6: 0 | R6: 0.2 | S6: 0 | T6: 0 | U6: 0 | V6: 0 | W6: 0 | X6: 0 | Y6: 0 | Z6: 0 | AA6: 0 | AB6: 0 | AC6: 0 | AD6: 0.083333333 | AE6: 0 | AF6: 0 | AG6: 0 | AH6: 0
B7: AZ | C7: 0.032258065 | J7: 0 | K7: 0 | L7: 0 | M7: 0 | N7: 0 | O7: 0 | P7: 0 | Q7: 0 | R7: 0.04 | S7: 0 | T7: 0 | U7: 0 | V7: 0 | W7: 0 | X7: 0 | Y7: 0.060606061 | Z7: 0.13333333 | AA7: 0.18181818 | AB7: 0.090909091 | AC7: 0.1 | AD7: 0 | AE7: 0 | AF7: 0 | AG7: 0 | AH7: 0
B8: BA | C8: 0.0072992701 | J8: 0 | K8: 0 | L8: 0.2 | M8: 0 | N8: 0 | O8: 0 | P8: 0 | Q8: 0.0625 | R8: 0 | S8: 0 | T8: 0 | U8: 0 | V8: 0 | W8: 0 | X8: 0.043478261 | Y8: 0 | Z8: 0 | AA8: 0 | AB8: 0 | AC8: 0 | AD8: 0 | AE8: 0 | AF8: 0 | AG8: 0 | AH8: 0
B9: BD | C9: 0 | D9: 0 | E9: 0 | F9: 0 | L9: 0 | M9: 0 | N9: 0 | O9: 0 | P9: 0 | Q9: 0 | R9: 0 | S9: 0 | T9: 0 | U9: 0 | V9: 0 | W9: 0 | X9: 0 | Y9: 0 | Z9: 0 | AA9: 0 | AB9: 0 | AC9: 0 | AD9: 0 | AE9: 0 | AF9: 0 | AG9: 0 | AH9: 0
B10: BG | C10: 0 | G10: 0 | H10: 0 | I10: 0 | J10: 0 | K10: 0 | L10: 0 | M10: 0 | N10: 0 | O10: 0 | P10: 0 | Q10: 0 | R10: 0 | S10: 0 | T10: 0 | U10: 0 | V10: 0 | W10: 0 | X10: 0 | Y10: 0 | Z10: 0 | AA10: 0 | AB10: 0 | AC10: 0 | AD10: 0 | AE10: 0 | AF10: 0 | AG10: 0 | AH10: 0
B11: BR | C11: 0 | D11: 0 | E11: 0 | F11: 0 | I11: 0 | J11: 0 | K11: 0 | L11: 0 | M11: 0 | N11: 0 | O11: 0 | P11: 0 | Q11: 0 | R11: 0 | S11: 0 | T11: 0 | U11: 0 | V11: 0 | W11: 0 | X11: 0 | Y11: 0 | Z11: 0 | AA11: 0 | AB11: 0 | AC11: 0 | AD11: 0 | AE11: 0 | AF11: 0 | AG11: 0 | AH11: 0
B12: CI | C12: 0.052238806 | D12: 0 | E12: 0 | F12: 0 | G12: 0 | H12: 0 | I12: 0 | J12: 0 | K12: 0 | L12: 0 | M12: 0 | N12: 0 | O12: 0 | P12: 0 | Q12: 0 | R12: 0 | S12: 0 | T12: 0 | U12: 0 | V12: 0 | W12: 0 | X12: 0 | Y12: 0.25 | Z12: 0 | AA12: 0.25 | AB12: 0 | AC12: 0 | AD12: 0.125 | AE12: 0 | AF12: 0.066666667 | AG12: 0 | AH12: 0.15789474
B13: CL | C13: 0 | D13: 0 | E13: 0 | F13: 0 | G13: 0 | H13: 0 | I13: 0 | P13: 0 | Q13: 0 | R13: 0 | S13: 0 | T13: 0 | U13: 0 | X13: 0 | Y13: 0 | Z13: 0 | AA13: 0 | AB13: 0 | AC13: 0 | AD13: 0 | AE13: 0 | AF13: 0 | AG13: 0 | AH13: 0
B14: CO | C14: 0.0064935065 | E14: 0 | F14: 0 | G14: 0 | H14: 0 | I14: 0 | J14: 0 | K14: 0 | L14: 0 | M14: 0 | N14: 0 | Q14: 0 | R14: 0 | S14: 0 | T14: 0 | U14: 0 | V14: 0 | W14: 0 | X14: 0 | Y14: 0 | Z14: 0 | AA14: 0 | AB14: 0 | AC14: 0 | AD14: 0 | AE14: 0.066666667 | AF14: 0 | AG14: 0 | AH14: 0
B15: CR | C15: 0.0033333333 | D15: 0 | E15: 0 | F15: 0 | G15: 0 | H15: 0 | I15: 0 | J15: 0 | K15: 0 | L15: 0 | M15: 0 | N15: 0 | O15: 0 | P15: 0 | Q15: 0 | R15: 0 | S15: 0 | T15: 0 | U15: 0 | V15: 0 | W15: 0 | X15: 0 | Y15: 0 | Z15: 0 | AA15: 0 | AB15: 0 | AC15: 0 | AD15: 0 | AE15: 0 | AF15: 0 | AG15: 0 | AH15: 0.090909091
B16: EC | C16: 0 | N16: 0 | O16: 0 | P16: 0 | Q16: 0 | R16: 0 | V16: 0 | W16: 0 | X16: 0 | Y16: 0 | Z16: 0 | AA16: 0 | AB16: 0 | AC16: 0 | AD16: 0 | AE16: 0 | AF16: 0 | AG16: 0 | AH16: 0
B17: GE | C17: 0.0064655172 | I17: 0 | J17: 0 | K17: 0.25 | L17: 0 | M17: 0 | N17: 0 | O17: 0 | P17: 0 | Q17: 0 | R17: 0.14285714 | S17: 0 | T17: 0 | U17: 0 | V17: 0 | W17: 0 | X17: 0 | Y17: 0 | Z17: 0 | AA17: 0 | AB17: 0 | AC17: 0 | AD17: 0 | AE17: 0 | AF17: 0 | AG17: 0 | AH17: 0
B18: GH | C18: 0.043859649 | D18: 0 | E18: 0 | F18: 0 | G18: 0 | H18: 0 | I18: 0 | J18: 0 | K18: 0 | L18: 0 | M18: 0 | N18: 0 | O18: 0.25 | P18: 0 | Q18: 0 | R18: 0.125 | S18: 0.125 | T18: 0.11111111 | U18: 0 | V18: 0 | W18: 0.1 | X18: 0 | Y18: 0 | Z18: 0.083333333 | AA18: 0.076923077 | AB18: 0.15384615 | AC18: 0 | AD18: 0 | AE18: 0 | AF18: 0 | AG18: 0 | AH18: 0.14285714
B19: GT | C19: 0 | N19: 0 | O19: 0 | P19: 0 | Q19: 0 | R19: 0 | S19: 0 | T19: 0 | U19: 0 | V19: 0 | W19: 0 | X19: 0 | Y19: 0 | Z19: 0 | AA19: 0 | AB19: 0 | AC19: 0 | AD19: 0 | AE19: 0 | AF19: 0 | AG19: 0 | AH19: 0
B20: ID | C20: 0.035714286 | D20: 0 | E20: 0 | F20: 0 | G20: 0 | H20: 0.8 | I20: 0 | J20: 0 | K20: 0 | L20: 0 | M20: 0 | N20: 0 | O20: 0 | P20: 0 | Q20: 0 | R20: 0 | S20: 0 | T20: 0 | U20: 0 | V20: 0 | W20: 0 | X20: 0 | Y20: 0 | Z20: 0 | AA20: 0 | AB20: 0 | AC20: 0 | AD20: 0 | AE20: 0 | AF20: 0 | AG20: 0 | AH20: 0.14285714
B21: IN | C21: 0.020671835 | D21: 0 | E21: 0 | F21: 0 | G21: 0 | H21: 0 | I21: 0 | J21: 0 | K21: 0.125 | L21: 0 | M21: 0.2 | N21: 0.66666667 | O21: 0 | P21: 0 | Q21: 0 | R21: 0 | S21: 0 | T21: 0 | U21: 0 | V21: 0 | W21: 0 | X21: 0 | Y21: 0 | Z21: 0 | AA21: 0 | AB21: 0 | AC21: 0 | AD21: 0.068965517 | AE21: 0 | AF21: 0 | AG21: 0.03125 | AH21: 0.033333333
B22: KE | C22: 0.016339869 | H22: 0 | I22: 0 | J22: 0 | K22: 0 | L22: 0 | M22: 0 | N22: 0 | O22: 0 | P22: 0 | Q22: 0.5 | R22: 0 | S22: 0 | T22: 0 | U22: 0 | V22: 0 | W22: 0 | X22: 0 | Y22: 0 | Z22: 0.08 | AA22: 0 | AB22: 0.045454545 | AC22: 0 | AD22: 0 | AE22: 0.043478261 | AF22: 0 | AG22: 0 | AH22: 0
B23: KG | C23: 0 | M23: 0 | N23: 0 | O23: 0 | P23: 0 | Q23: 0 | R23: 0 | S23: 0 | T23: 0 | U23: 0 | V23: 0 | W23: 0 | X23: 0 | Y23: 0 | Z23: 0 | AA23: 0 | AB23: 0 | AC23: 0 | AD23: 0 | AE23: 0 | AF23: 0 | AG23: 0 | AH23: 0
B24: KZ | C24: 0.027777778 | G24: 0 | H24: 0 | I24: 0 | J24: 0 | K24: 0 | L24: 0 | M24: 0 | N24: 0 | O24: 0 | P24: 0 | Q24: 0 | R24: 0 | S24: 0.14285714 | T24: 0 | U24: 0 | V24: 0.090909091 | W24: 0 | X24: 0.16666667 | Y24: 0 | Z24: 0 | AA24: 0 | AB24: 0 | AC24: 0 | AD24: 0.16666667 | AE24: 0 | AF24: 0 | AG24: 0 | AH24: 0
B25: LB | C25: 0.1010453 | D25: 0 | E25: 0 | F25: 0 | G25: 0 | H25: 0.11111111 | I25: 0 | J25: 0 | K25: 0 | L25: 0.2 | M25: 0 | N25: 0.125 | O25: 0 | P25: 0 | Q25: 0 | R25: 0 | S25: 0.083333333 | T25: 0 | U25: 0 | V25: 0 | W25: 0 | X25: 0 | Y25: 0 | Z25: 0 | AA25: 0 | AB25: 0 | AC25: 0.16666667 | AD25: 0.80952381 | AE25: 0.75 | AF25: 0
B26: LK | C26: 0.068965517 | G26: 0 | H26: 0 | I26: 0 | J26: 0 | K26: 0 | L26: 0 | M26: 0 | O26: 0 | P26: 0 | Q26: 0 | R26: 0 | S26: 0 | T26: 0 | U26: 0 | V26: 0 | W26: 0 | X26: 0.090909091 | Y26: 0 | Z26: 0 | AA26: 0 | AB26: 0 | AC26: 0 | AD26: 0 | AE26: 0.14285714 | AF26: 0.64285714 | AG26: 0 | AH26: 0
B27: MA | C27: 0 | D27: 0 | E27: 0 | F27: 0 | G27: 0 | H27: 0 | I27: 0 | J27: 0 | K27: 0 | L27: 0 | M27: 0 | N27: 0 | O27: 0 | P27: 0 | Q27: 0 | R27: 0 | S27: 0 | T27: 0 | U27: 0 | V27: 0 | W27: 0 | X27: 0 | Y27: 0 | Z27: 0 | AA27: 0 | AB27: 0 | AC27: 0 | AD27: 0 | AE27: 0 | AF27: 0 | AG27: 0 | AH27: 0
B28: MD | C28: 0.0068259386 | F28: 0 | G28: 0 | H28: 0 | I28: 0 | J28: 0 | K28: 0 | L28: 0 | M28: 0 | N28: 0 | O28: 0 | P28: 0 | Q28: 0 | R28: 0 | S28: 0 | T28: 0.071428571 | U28: 0 | V28: 0 | W28: 0 | X28: 0.058823529 | Y28: 0 | Z28: 0 | AA28: 0 | AB28: 0 | AC28: 0 | AD28: 0 | AE28: 0 | AF28: 0 | AG28: 0 | AH28: 0
B29: MX | C29: 0.042857143 | D29: 0 | E29: 0 | F29: 0 | G29: 0 | H29: 0 | I29: 0 | J29: 0 | K29: 0 | L29: 0 | M29: 0 | N29: 0 | O29: 0 | P29: 0 | Q29: 0 | R29: 0 | S29: 0 | U29: 0 | V29: 0 | W29: 0 | X29: 0.5 | Y29: 0 | Z29: 0 | AA29: 0 | AB29: 0.066666667 | AC29: 0.066666667 | AD29: 0.13333333 | AE29: 0.055555556 | AF29: 0.11111111 | AG29: 0 | AH29: 0.047619048
B30: NG | C30: 0.019736842 | D30: 0 | E30: 0 | F30: 0 | G30: 0 | K30: 0 | L30: 0 | M30: 0.16666667 | N30: 0.2 | O30: 0 | P30: 0 | Q30: 0 | R30: 0 | S30: 0.052631579 | T30: 0 | U30: 0 | V30: 0 | W30: 0 | X30: 0 | Y30: 0 | Z30: 0.032258065 | AA30: 0.058823529 | AB30: 0.060606061 | AC30: 0 | AD30: 0 | AE30: 0 | AF30: 0 | AG30: 0.05 | AH30: 0
B31: NI | C31: 0.01 | J31: 0 | K31: 0 | L31: 0 | M31: 0 | N31: 0 | O31: 0 | P31: 0 | Q31: 0 | R31: 0 | S31: 0.16666667 | T31: 0 | U31: 0 | V31: 0 | W31: 0 | X31: 0 | Y31: 0 | Z31: 0 | AA31: 0 | AB31: 0 | AC31: 0 | AD31: 0 | AE31: 0 | AF31: 0 | AG31: 0.066666667 | AH31: 0
B32: OT | C32: 0.018404908 | O32: 0 | P32: 0 | Q32: 0 | R32: 0.125 | S32: 0 | T32: 0 | U32: 0 | V32: 0 | W32: 0 | X32: 0 | Y32: 0 | Z32: 0 | AA32: 0.08 | AB32: 0.047619048 | AC32: 0 | AD32: 0.11111111 | AE32: 0 | AF32: 0 | AG32: 0 | AH32: 0
B33: PA | C33: 0 | D33: 0 | E33: 0 | F33: 0 | G33: 0 | I33: 0 | J33: 0 | K33: 0 | L33: 0 | M33: 0 | N33: 0 | O33: 0 | P33: 0 | Q33: 0 | R33: 0 | S33: 0 | T33: 0 | U33: 0 | V33: 0 | W33: 0 | X33: 0 | Y33: 0 | Z33: 0 | AA33: 0 | AB33: 0 | AC33: 0 | AD33: 0 | AE33: 0 | AF33: 0 | AG33: 0 | AH33: 0
B34: PE | C34: 0.0051282051 | D34: 0 | E34: 0 | F34: 0 | G34: 0 | H34: 0 | I34: 0 | J34: 0 | K34: 0.33333333 | L34: 0 | M34: 0 | O34: 0 | P34: 0 | Q34: 0 | R34: 0 | S34: 0 | T34: 0 | U34: 0 | V34: 0 | W34: 0 | X34: 0 | Y34: 0 | Z34: 0 | AA34: 0 | AB34: 0 | AC34: 0 | AD34: 0 | AE34: 0 | AF34: 0 | AG34: 0 | AH34: 0
B35: PK | C35: 0.0625 | D35: 0 | E35: 0 | F35: 0 | G35: 0 | H35: 0.14285714 | I35: 0 | J35: 0 | K35: 0 | L35: 0.083333333 | M35: 0.125 | N35: 0.66666667 | P35: 0 | Q35: 0 | R35: 0.33333333 | S35: 0.5 | T35: 0 | U35: 0 | V35: 0 | W35: 0 | X35: 0 | Z35: 0 | AA35: 0 | AB35: 0 | AC35: 0.25 | AD35: 0 | AE35: 0 | AF35: 0 | AG35: 0 | AH35: 0
B36: PL | C36: 0 | D36: 0 | E36: 0 | F36: 0 | G36: 0 | I36: 0 | J36: 0 | K36: 0 | L36: 0 | M36: 0 | N36: 0 | O36: 0 | P36: 0 | Q36: 0 | R36: 0 | S36: 0 | T36: 0 | U36: 0 | V36: 0 | W36: 0 | X36: 0 | Y36: 0 | Z36: 0 | AA36: 0 | AB36: 0 | AC36: 0 | AD36: 0 | AE36: 0 | AF36: 0 | AG36: 0 | AH36: 0
B37: PY | C37: 0 | U37: 0 | V37: 0 | W37: 0 | X37: 0 | Y37: 0 | Z37: 0 | AA37: 0 | AB37: 0 | AC37: 0 | AD37: 0 | AE37: 0 | AF37: 0 | AG37: 0 | AH37: 0
B38: REG | C38: 0.0078431373 | F38: 0 | G38: 0 | H38: 0 | I38: 0 | J38: 0 | K38: 0 | L38: 0 | M38: 0 | N38: 0.11111111 | O38: 0 | P38: 0 | Q38: 0 | R38: 0 | S38: 0 | T38: 0 | U38: 0 | V38: 0 | W38: 0 | X38: 0 | Y38: 0 | Z38: 0 | AA38: 0 | AB38: 0 | AC38: 0 | AD38: 0 | AE38: 0 | AF38: 0 | AG38: 0.076923077 | AH38: 0
B39: RO | C39: 0.0046082949 | E39: 0 | F39: 0 | G39: 0 | H39: 0 | I39: 0.2 | J39: 0 | K39: 0 | L39: 0 | M39: 0 | N39: 0 | O39: 0 | P39: 0 | Q39: 0 | R39: 0 | S39: 0 | T39: 0 | U39: 0 | V39: 0.045454545 | W39: 0 | X39: 0 | Y39: 0 | Z39: 0 | AA39: 0 | AB39: 0 | AC39: 0 | AD39: 0 | AE39: 0 | AF39: 0 | AG39: 0 | AH39: 0
B40: RS | C40: 0.0020491803 | L40: 0 | M40: 0 | N40: 0 | O40: 0 | P40: 0 | Q40: 0 | R40: 0 | S40: 0 | T40: 0 | U40: 0 | V40: 0 | W40: 0 | X40: 0 | Y40: 0.032258065 | Z40: 0 | AA40: 0 | AB40: 0 | AC40: 0 | AD40: 0 | AE40: 0 | AF40: 0 | AG40: 0 | AH40: 0
B41: RU | C41: 0.020665901 | E41: 0 | F41: 0 | G41: 0 | H41: 0.16666667 | I41: 0.23076923 | J41: 0 | K41: 0 | L41: 0 | M41: 0 | N41: 0 | O41: 0 | P41: 0 | Q41: 0 | R41: 0 | S41: 0.014925373 | T41: 0.016949153 | U41: 0.035087719 | V41: 0.016949153 | W41: 0 | X41: 0.074074074 | Y41: 0.020833333 | Z41: 0.029411765 | AA41: 0.041666667 | AB41: 0 | AC41: 0 | AD41: 0 | AE41: 0 | AF41: 0 | AG41: 0 | AH41: 0.5
B42: SN | C42: 0.080246914 | D42: 0 | E42: 0 | F42: 0 | G42: 0 | H42: 0.5 | I42: 0 | J42: 0 | K42: 0 | L42: 0 | M42: 0 | N42: 0 | O42: 0 | P42: 0.2 | Q42: 0 | R42: 0.42857143 | S42: 0.25 | T42: 0 | U42: 0.16666667 | V42: 0 | W42: 0 | X42: 0.2 | Y42: 0 | Z42: 0 | AA42: 0 | AB42: 0 | AC42: 0 | AD42: 0.1 | AE42: 0.125 | AF42: 0 | AG42: 0.2 | AH42: 0.1
B43: SV | C43: 0 | J43: 0 | K43: 0 | L43: 0 | M43: 0 | N43: 0 | O43: 0 | P43: 0 | Q43: 0 | R43: 0 | S43: 0 | T43: 0 | U43: 0 | V43: 0 | W43: 0 | X43: 0 | Y43: 0 | Z43: 0 | AA43: 0 | AB43: 0 | AC43: 0 | AD43: 0 | AE43: 0 | AF43: 0 | AG43: 0 | AH43: 0
B44: TN | C44: 0.011080332 | I44: 0 | J44: 0 | K44: 1 | L44: 0 | M44: 0 | N44: 0 | O44: 0 | P44: 0 | Q44: 0 | R44: 0 | S44: 0 | T44: 0 | U44: 0 | V44: 0 | W44: 0 | X44: 0 | Y44: 0 | Z44: 0 | AA44: 0 | AB44: 0.05 | AC44: 0.047619048 | AD44: 0.047619048 | AE44: 0 | AF44: 0 | AG44: 0 | AH44: 0
B45: TR | C45: 0.002528445 | D45: 0 | E45: 0 | F45: 0 | G45: 0 | H45: 0 | I45: 0 | J45: 0 | K45: 0 | L45: 0 | M45: 0 | N45: 0 | O45: 0 | P45: 0 | Q45: 0 | R45: 0 | S45: 0 | T45: 0 | U45: 0 | V45: 0 | W45: 0 | X45: 0 | Y45: 0 | Z45: 0 | AA45: 0 | AB45: 0 | AC45: 0 | AD45: 0.047619048 | AE45: 0 | AF45: 0 | AG45: 0 | AH45: 0
B46: TZ | C46: 0.054054054 | D46: 0 | E46: 0 | F46: 0 | G46: 0.5 | H46: 0 | I46: 0 | J46: 1 | N46: 0 | O46: 0 | P46: 0 | Q46: 0 | R46: 0 | S46: 0 | T46: 0 | U46: 0 | V46: 0 | W46: 0 | X46: 0 | Y46: 0 | Z46: 0.090909091 | AA46: 0 | AB46: 0 | AC46: 0.13333333 | AD46: 0.16666667 | AE46: 0.083333333 | AF46: 0 | AG46: 0 | AH46: 0
B47: UA | C47: 0.036231884 | F47: 0 | G47: 0 | H47: 0 | I47: 0 | J47: 0 | K47: 0 | L47: 0 | M47: 0 | N47: 0 | O47: 0 | P47: 0 | Q47: 0 | R47: 0.058823529 | S47: 0.047619048 | T47: 0 | U47: 0 | V47: 0 | W47: 0.11764706 | X47: 0.0625 | Y47: 0 | Z47: 0.1 | AA47: 0 | AB47: 0 | AC47: 0.2 | AD47: 0 | AE47: 0 | AF47: 0.14285714 | AG47: 0 | AH47: 0.090909091
B48: UG | C48: 0.022988506 | D48: 0 | E48: 0 | F48: 0 | G48: 0 | H48: 0 | I48: 0 | J48: 0 | K48: 0 | L48: 0 | M48: 0 | N48: 0 | O48: 0 | P48: 0.33333333 | Q48: 0 | R48: 0 | S48: 0 | T48: 0.14285714 | U48: 0 | V48: 0 | W48: 0 | X48: 0 | Y48: 0 | Z48: 0 | AA48: 0.18181818 | AB48: 0 | AC48: 0 | AD48: 0 | AE48: 0 | AF48: 0 | AG48: 0 | AH48: 0
B49: UZ | C49: 0.007751938 | K49: 0 | L49: 0 | M49: 0 | N49: 0 | O49: 0 | P49: 0 | Q49: 0 | R49: 0 | S49: 0 | T49: 0 | U49: 0 | V49: 0 | W49: 0 | X49: 0 | Y49: 0 | Z49: 0 | AA49: 0 | AB49: 0 | AC49: 0 | AD49: 0 | AE49: 0 | AF49: 0 | AG49: 0 | AH49: 0.066666667
B50: VN | C50: 0.0081300813 | Q50: 0.5 | R50: 0 | S50: 0 | T50: 0 | U50: 0 | V50: 0 | W50: 0 | X50: 0 | Y50: 0 | Z50: 0 | AA50: 0 | AB50: 0 | AC50: 0 | AD50: 0 | AE50: 0 | AF50: 0 | AG50: 0 | AH50: 0
B51: ZA | C51: 0.016611296 | H51: 0 | I51: 0 | J51: 0 | K51: 0 | L51: 0 | M51: 0 | N51: 0 | O51: 0 | P51: 0.16666667 | Q51: 0.2 | R51: 0 | S51: 0 | T51: 0 | U51: 0 | V51: 0 | W51: 0 | X51: 0.058823529 | Y51: 0 | Z51: 0 | AA51: 0 | AB51: 0.052631579 | AC51: 0 | AD51: 0 | AE51: 0 | AF51: 0 | AG51: 0.076923077 | AH51: 0
B52: ZM | C52: 0.053571429 | E52: 0 | F52: 0.5 | G52: 0 | H52: 0 | I52: 0 | J52: 0 | K52: 0 | L52: 0 | M52: 0 | N52: 0 | O52: 0.6 | P52: 0 | Q52: 0 | R52: 0.2 | S52: 0 | T52: 0 | U52: 0 | V52: 0.090909091 | W52: 0 | X52: 0 | Y52: 0.14285714 | Z52: 0 | AA52: 0.125 | AB52: 0 | AC52: 0 | AD52: 0.11111111 | AE52: 0 | AF52: 0 | AG52: 0 | AH52: 0
B54: Table 22: Annual default rates by country and sector grouping – infrastructure
B56: ISO country code | C56: Average default rate | D56: =+D$4 -> 1994 | E56: =+E$4 -> 1995 | F56: =+F$4 -> 1996 | G56: =+G$4 -> 1997 | H56: =+H$4 -> 1998 | I56: =+I$4 -> 1999 | J56: =+J$4 -> 2000 | K56: =+K$4 -> 2001 | ... AH56: =+AH$4 -> 2024
B57: AR | C57: 0.03875969 | D57: 0 | E57: 0 | F57: 0 | G57: 0 | H57: 0.125 | I57: 0 | J57: 0 | K57: 0 | L57: 0.25 | M57: 0.57142857 | N57: 0 | O57: 0.33333333 | P57: 0 | Q57: 0 | R57: 0 | S57: 0 | T57: 0 | U57: 0 | V57: 0 | W57: 0 | X57: 0 | Y57: 0 | Z57: 0 | AA57: 0 | AB57: 0 | AC57: 0.058823529 | AD57: 0 | AE57: 0 | AF57: 0 | AG57: 0 | AH57: 0
B58: BR | C58: 0.022222222 | F58: 0 | G58: 0 | H58: 0 | I58: 0 | J58: 0 | K58: 0 | L58: 0 | M58: 0.066666667 | N58: 0 | O58: 0 | P58: 0 | Q58: 0.076923077 | R58: 0 | S58: 0.066666667 | T58: 0 | U58: 0 | V58: 0 | W58: 0 | X58: 0.083333333 | Y58: 0.058823529 | Z58: 0.13333333 | AA58: 0 | AB58: 0 | AC58: 0 | AD58: 0.066666667 | AE58: 0 | AF58: 0 | AG58: 0 | AH58: 0
B59: CL | C59: 0.088235294 | D59: 0 | E59: 0 | F59: 0 | G59: 0 | H59: 0 | I59: 0 | J59: 0 | K59: 0 | L59: 0.33333333 | M59: 0 | N59: 0 | O59: 0 | P59: 0 | Q59: 0 | R59: 0 | S59: 0 | T59: 0 | U59: 0 | V59: 0 | W59: 0 | X59: 0.14285714 | Y59: 0 | Z59: 0.29166667 | AA59: 0.23529412 | AB59: 0.066666667 | AC59: 0.071428571 | AD59: 0.16666667 | AE59: 0 | AF59: 0 | AG59: 0.14285714 | AH59: 0
B60: CN | C60: 0.010344828 | J60: 0 | K60: 0 | L60: 0 | M60: 0 | N60: 0 | O60: 0.33333333 | P60: 0 | Q60: 0 | R60: 0 | S60: 0 | T60: 0 | U60: 0 | V60: 0 | W60: 0 | X60: 0.047619048 | Y60: 0 | Z60: 0 | AA60: 0 | AB60: 0 | AC60: 0 | AD60: 0 | AE60: 0 | AF60: 0 | AG60: 0 | AH60: 0.1
B61: CO | C61: 0.035714286 | D61: 0 | E61: 0 | F61: 0 | G61: 0 | H61: 0 | I61: 0 | J61: 0 | K61: 0 | L61: 0 | M61: 0 | N61: 0 | O61: 0 | P61: 0 | Q61: 0 | R61: 0 | S61: 0 | T61: 0 | U61: 0 | V61: 0 | W61: 0 | X61: 0 | Y61: 0 | Z61: 0 | AA61: 0.125 | AB61: 0.071428571 | AC61: 0.23076923 | AD61: 0.15384615 | AE61: 0 | AF61: 0 | AG61: 0 | AH61: 0
B62: EG | C62: 0.0083857442 | P62: 0 | Q62: 0 | R62: 0 | S62: 0 | T62: 0 | U62: 0 | V62: 0 | W62: 0 | X62: 0 | Y62: 0.5 | Z62: 0 | AA62: 0 | AB62: 0 | AC62: 0.030769231 | AD62: 0.015151515 | AE62: 0 | AF62: 0 | AG62: 0 | AH62: 0
B63: GE | C63: 0.038461538 | M63: 0 | N63: 0 | O63: 0 | P63: 0 | Q63: 0 | R63: 0 | S63: 0 | T63: 0 | U63: 0 | V63: 0 | W63: 0 | X63: 0 | Y63: 0 | Z63: 0 | AA63: 0.076923077 | AB63: 0.2 | AC63: 0 | AD63: 0 | AE63: 0.076923077 | AF63: 0 | AG63: 0.076923077 | AH63: 0
B64: HN | C64: 0.052287582 | S64: 0 | T64: 0 | U64: 0 | V64: 0 | W64: 0 | X64: 0 | Y64: 0 | Z64: 0.17647059 | AA64: 0 | AB64: 0.0625 | AC64: 0.0625 | AD64: 0 | AE64: 0 | AF64: 0 | AG64: 0.27272727 | AH64: 0
B65: ID | C65: 0.025641026 | D65: 0 | E65: 0 | F65: 0 | G65: 0 | H65: 0 | I65: 0 | J65: 0 | K65: 0 | L65: 0 | M65: 0 | N65: 0 | O65: 0 | S65: 0 | T65: 0 | U65: 0 | V65: 0.25 | W65: 0 | X65: 0 | Y65: 0 | Z65: 0 | AA65: 0.33333333 | AB65: 0 | AC65: 0 | AD65: 0.1 | AE65: 0 | AF65: 0 | AG65: 0 | AH65: 0
B66: IN | C66: 0.025316456 | D66: 0 | E66: 0 | F66: 0 | G66: 0 | H66: 0 | I66: 0 | J66: 0 | K66: 0.33333333 | L66: 0 | M66: 0 | N66: 0 | O66: 0 | P66: 0 | Q66: 0 | R66: 0 | S66: 0 | T66: 0 | U66: 0 | V66: 0 | W66: 0.083333333 | X66: 0.066666667 | Y66: 0 | Z66: 0.063829787 | AA66: 0 | AB66: 0.023255814 | AC66: 0.018867925 | AD66: 0.06779661 | AE66: 0.035087719 | AF66: 0 | AG66: 0 | AH66: 0
B67: JO | C67: 0.01025641 | G67: 0 | H67: 0 | I67: 0 | Q67: 0 | R67: 0 | S67: 0 | T67: 0 | U67: 0 | V67: 0 | W67: 0.2 | X67: 0 | Y67: 0 | Z67: 0 | AA67: 0 | AB67: 0 | AC67: 0 | AD67: 0 | AE67: 0.023255814 | AF67: 0.023809524 | AG67: 0.024390244 | AH67: 0
B68: KE | C68: 0.044117647 | I68: 0 | J68: 0 | K68: 1 | M68: 0 | N68: 0 | O68: 0.5 | Q68: 0 | R68: 0.5 | U68: 0 | V68: 0 | W68: 0 | X68: 0 | Y68: 0 | Z68: 0 | AA68: 0 | AB68: 0.11111111 | AC68: 0 | AD68: 0.066666667 | AE68: 0 | AF68: 0 | AG68: 0.058823529 | AH68: 0
B69: KZ | C69: 0.0052910053 | P69: 0 | Q69: 0 | R69: 0 | S69: 0 | T69: 0 | U69: 0.5 | V69: 0 | W69: 0 | X69: 0 | Y69: 0 | Z69: 0 | AA69: 0 | AB69: 0 | AC69: 0 | AD69: 0 | AE69: 0 | AF69: 0 | AG69: 0 | AH69: 0
B70: MX | C70: 0.037037037 | D70: 0 | E70: 0 | F70: 0 | G70: 0 | H70: 0 | I70: 0 | J70: 0 | K70: 0.11111111 | L70: 0.11111111 | M70: 0 | N70: 0.16666667 | O70: 0 | P70: 0 | Q70: 0 | R70: 0 | S70: 0 | T70: 0 | U70: 0 | V70: 0 | W70: 0.2 | X70: 0 | Y70: 0 | Z70: 0.066666667 | AA70: 0.25 | AB70: 0 | AC70: 0.071428571 | AD70: 0 | AE70: 0 | AF70: 0 | AG70: 0 | AH70: 0.052631579
B71: OT | C71: 0.050724638 | Q71: 0 | R71: 0 | S71: 0 | T71: 0 | U71: 0.14285714 | V71: 0 | W71: 0.125 | X71: 0.25 | Y71: 0 | Z71: 0.11111111 | AA71: 0 | AB71: 0 | AC71: 0 | AD71: 0 | AE71: 0.11111111 | AF71: 0 | AG71: 0.125 | AH71: 0
B72: PA | C72: 0.068965517 | F72: 0 | G72: 0 | H72: 0 | I72: 0 | J72: 0 | K72: 0 | L72: 0.25 | M72: 0 | N72: 0 | O72: 0 | P72: 0 | Q72: 0 | R72: 0 | S72: 0 | T72: 0 | U72: 0 | V72: 0.25 | W72: 0 | X72: 0 | Y72: 0.25 | Z72: 0 | AA72: 0.11111111 | AB72: 0 | AC72: 0 | AD72: 0 | AE72: 0.5 | AF72: 0 | AG72: 0 | AH72: 0
B73: PE | C73: 0.011299435 | H73: 0 | I73: 0 | J73: 0 | K73: 0 | L73: 0 | M73: 0 | N73: 0 | O73: 0 | P73: 0 | Q73: 0 | R73: 0 | S73: 0 | T73: 0 | U73: 0 | V73: 0 | W73: 0 | X73: 0 | Y73: 0 | Z73: 0.076923077 | AA73: 0.076923077 | AB73: 0 | AC73: 0 | AD73: 0 | AE73: 0 | AF73: 0 | AG73: 0 | AH73: 0
B74: PH | C74: 0.029850746 | D74: 0 | E74: 0 | F74: 0 | G74: 0 | H74: 0 | I74: 0 | J74: 0 | K74: 0 | L74: 0 | M74: 0.5 | N74: 0.33333333 | O74: 0 | P74: 0 | Q74: 0 | R74: 0 | S74: 0 | T74: 0 | U74: 0 | V74: 0 | W74: 0 | X74: 0 | Y74: 0 | Z74: 0 | AA74: 0.125 | AB74: 0 | AC74: 0 | AD74: 0 | AE74: 0.2 | AF74: 0 | AG74: 0 | AH74: 0
B75: PK | C75: 0.011173184 | N75: 0 | O75: 0 | P75: 0 | Q75: 0 | R75: 0 | S75: 0.5 | T75: 0 | U75: 0 | V75: 0 | W75: 0 | X75: 0 | Y75: 0 | Z75: 0.037037037 | AA75: 0 | AB75: 0 | AC75: 0 | AD75: 0 | AE75: 0 | AF75: 0 | AG75: 0.048780488 | AH75: 0
B76: PL | C76: 0.02173913 | D76: 0.5 | H76: 0 | I76: 0 | J76: 0 | K76: 0 | L76: 0 | M76: 0 | N76: 0 | O76: 0 | T76: 0 | U76: 0 | V76: 0 | W76: 0 | X76: 0 | Y76: 0 | Z76: 0 | AA76: 0.23076923 | AB76: 0 | AC76: 0 | AD76: 0 | AE76: 0 | AF76: 0 | AG76: 0 | AH76: 0
B77: REG | C77: 0.039473684 | F77: 0 | G77: 0 | H77: 0 | I77: 0 | J77: 0 | K77: 0 | L77: 0 | M77: 0 | N77: 0.16666667 | O77: 0 | P77: 0 | Q77: 0 | R77: 0 | S77: 0 | T77: 0.125 | U77: 0 | V77: 0 | W77: 0 | X77: 0 | Y77: 0.066666667 | Z77: 0 | AA77: 0.11111111 | AB77: 0 | AC77: 0 | AD77: 0 | AE77: 0 | AF77: 0 | AG77: 0.15789474 | AH77: 0.11111111
B78: RU | C78: 0.012195122 | E78: 0 | F78: 0 | G78: 0 | H78: 0 | I78: 0 | J78: 0 | K78: 0 | L78: 0 | M78: 0 | N78: 0 | O78: 0 | P78: 0 | Q78: 0.071428571 | R78: 0.083333333 | S78: 0 | T78: 0 | U78: 0 | V78: 0 | W78: 0 | X78: 0 | Y78: 0.058823529 | Z78: 0 | AA78: 0 | AB78: 0 | AC78: 0 | AD78: 0 | AE78: 0 | AF78: 0
B79: TR | C79: 0.039033457 | D79: 0 | E79: 0 | F79: 0 | G79: 0 | H79: 0 | I79: 0 | J79: 0 | K79: 0 | L79: 0 | M79: 0.5 | N79: 0 | O79: 0 | P79: 0 | Q79: 0 | R79: 0 | S79: 0 | T79: 0 | U79: 0 | V79: 0 | W79: 0 | X79: 0 | Y79: 0 | Z79: 0.03030303 | AA79: 0 | AB79: 0.10204082 | AC79: 0.086956522 | AD79: 0.15217391 | AE79: 0.025 | AF79: 0 | AG79: 0.027777778 | AH79: 0.025641026
B80: UA | C80: 0.13636364 | F80: 0 | G80: 0 | H80: 0 | I80: 0 | J80: 0 | K80: 0 | L80: 0 | M80: 0 | N80: 0 | O80: 0 | P80: 0 | Q80: 0 | R80: 0 | S80: 0 | T80: 0 | U80: 0 | V80: 0 | W80: 0 | X80: 0.090909091 | Y80: 0.16666667 | Z80: 0.11111111 | AA80: 0 | AB80: 0.0625 | AC80: 0.076923077 | AD80: 0.48648649 | AE80: 0 | AF80: 0.41176471 | AG80: 0.1 | AH80: 0
B81: UG | C81: 0.052023121 | E81: 0 | F81: 0 | G81: 0 | H81: 0 | I81: 1 | J81: 1 | K81: 0 | L81: 0 | M81: 0 | N81: 0 | O81: 0 | R81: 0 | S81: 0 | T81: 0.2 | U81: 0 | V81: 0.4 | W81: 0 | X81: 0 | Y81: 0 | Z81: 0 | AA81: 0 | AB81: 0 | AC81: 0 | AD81: 0 | AE81: 0.16666667 | AF81: 0 | AG81: 0.0625 | AH81: 0
B82: UY | C82: 0.0060606061 | F82: 0 | G82: 0 | H82: 0 | I82: 0 | J82: 0 | K82: 0 | L82: 0 | M82: 1 | N82: 0 | O82: 0 | R82: 0 | S82: 0 | T82: 0 | U82: 0 | V82: 0 | W82: 0 | X82: 0 | Y82: 0 | Z82: 0 | AA82: 0 | AB82: 0 | AC82: 0 | AD82: 0 | AE82: 0 | AF82: 0 | AG82: 0 | AH82: 0
B83: UZ | C83: 0 | W83: 0 | X83: 0 | Y83: 0 | Z83: 0 | AE83: 0 | AF83: 0 | AG83: 0 | AH83: 0
B84: VN | C84: 0.053333333 | F84: 0 | G84: 0 | H84: 1 | L84: 0 | M84: 1 | T84: 0 | U84: 1 | AB84: 0 | AC84: 0 | AD84: 0 | AE84: 0 | AF84: 0.066666667 | AG84: 0 | AH84: 0
B85: ZA | C85: 0.021857923 | J85: 0 | K85: 0 | L85: 0 | M85: 0 | N85: 0 | O85: 0.5 | P85: 0 | Q85: 0 | R85: 0 | S85: 0 | T85: 0 | U85: 0 | V85: 0 | W85: 0 | X85: 0 | Y85: 0.1 | Z85: 0 | AA85: 0.076923077 | AB85: 0 | AC85: 0 | AD85: 0 | AE85: 0 | AF85: 0 | AG85: 0.055555556 | AH85: 0
B87: Table 23: Annual default rates by country and sector grouping – non-bank financials
B89: ISO country code | C89: Average default rate | D89: =+D$4 -> 1994 | E89: =+E$4 -> 1995 | F89: =+F$4 -> 1996 | G89: =+G$4 -> 1997 | H89: =+H$4 -> 1998 | I89: =+I$4 -> 1999 | J89: =+J$4 -> 2000 | K89: =+K$4 -> 2001 | ... AH89: =+AH$4 -> 2024
B90: BR | C90: 0.017241379 | M90: 0 | N90: 0 | O90: 0 | P90: 0 | Q90: 0 | R90: 0 | S90: 0 | T90: 0 | U90: 0 | V90: 0 | W90: 0 | Y90: 0 | Z90: 0 | AA90: 0 | AB90: 0 | AC90: 0 | AD90: 0 | AE90: 0 | AF90: 0 | AG90: 0.11111111 | AH90: 0
B91: CN | C91: 0 | D91: 0 | H91: 0 | I91: 0 | J91: 0 | K91: 0 | L91: 0 | M91: 0 | N91: 0 | O91: 0 | P91: 0 | S91: 0 | T91: 0 | U91: 0 | V91: 0 | W91: 0 | X91: 0 | Y91: 0 | Z91: 0 | AA91: 0 | AB91: 0 | AC91: 0 | AD91: 0 | AE91: 0 | AF91: 0 | AG91: 0 | AH91: 0
B92: CO | C92: 0.03968254 | E92: 0 | F92: 0 | G92: 0 | H92: 0 | I92: 0 | M92: 1 | N92: 0 | O92: 0 | P92: 0 | Q92: 0 | R92: 0 | S92: 0 | T92: 0 | U92: 0 | V92: 0 | W92: 0 | X92: 0 | Y92: 0.1 | Z92: 0.125 | AA92: 0.14285714 | AB92: 0 | AC92: 0 | AD92: 0 | AE92: 0 | AF92: 0 | AG92: 0.16666667 | AH92: 0
B93: CR | C93: 0.017751479 | D93: 0 | E93: 0 | F93: 0 | G93: 0 | H93: 0 | I93: 0 | J93: 0 | K93: 0 | Y93: 0.0625 | Z93: 0 | AA93: 0.058823529 | AB93: 0 | AC93: 0 | AD93: 0 | AE93: 0 | AF93: 0 | AG93: 0 | AH93: 0.066666667
B94: GT | C94: 0.012048193 | Y94: 0.071428571 | Z94: 0 | AA94: 0 | AB94: 0 | AC94: 0 | AD94: 0 | AE94: 0 | AF94: 0 | AG94: 0 | AH94: 0
B95: IN | C95: 0.0033840948 | D95: 0 | E95: 0 | F95: 0 | G95: 0 | H95: 0 | I95: 0 | J95: 0 | K95: 0 | L95: 0 | M95: 0 | N95: 0 | O95: 0 | P95: 0 | Q95: 0 | R95: 0 | S95: 0 | T95: 0 | U95: 0 | V95: 0 | W95: 0 | X95: 0 | Y95: 0 | Z95: 0 | AA95: 0 | AB95: 0 | AC95: 0.038461538 | AD95: 0 | AE95: 0 | AF95: 0 | AG95: 0 | AH95: 0
B96: MX | C96: 0.072916667 | M96: 0 | N96: 0 | O96: 0 | P96: 0 | Q96: 0 | R96: 0 | S96: 0.42857143 | T96: 0.25 | U96: 0 | V96: 0.33333333 | W96: 0 | X96: 0 | Y96: 0 | Z96: 0 | AA96: 0 | AB96: 0 | AC96: 0.05 | AD96: 0.15 | AE96: 0.11111111 | AF96: 0.071428571 | AG96: 0.066666667 | AH96: 0.055555556
B97: OT | C97: 0.021505376 | O97: 0 | P97: 0 | Q97: 0 | R97: 0 | S97: 0.14285714 | T97: 0 | U97: 0.25 | V97: 0 | W97: 0.076923077 | X97: 0 | Y97: 0.047619048 | Z97: 0 | AA97: 0 | AB97: 0 | AC97: 0 | AD97: 0 | AE97: 0 | AF97: 0 | AG97: 0 | AH97: 0.042553191
B98: REG | C98: 0.032679739 | J98: 1 | L98: 0 | M98: 0 | N98: 0.33333333 | O98: 0 | P98: 0 | Q98: 0 | R98: 0.2 | S98: 0.2 | T98: 0 | U98: 0 | V98: 0 | W98: 0.076923077 | X98: 0.083333333 | Y98: 0 | Z98: 0.060606061 | AA98: 0.032258065 | AB98: 0.058823529 | AC98: 0.028571429 | AD98: 0.03030303 | AE98: 0 | AF98: 0 | AG98: 0.020408163 | AH98: 0.018518519
B99: RO | C99: 0.0125 | I99: 0 | J99: 0 | K99: 0 | N99: 0 | O99: 0 | P99: 0 | Q99: 0 | R99: 0 | S99: 0 | T99: 0 | U99: 0 | V99: 0.25 | W99: 0 | X99: 0 | Y99: 0 | Z99: 0.14285714 | AA99: 0 | AB99: 0 | AC99: 0 | AD99: 0 | AE99: 0 | AF99: 0 | AG99: 0 | AH99: 0
B100: SV | C100: 0 | T100: 0 | U100: 0 | V100: 0 | W100: 0 | X100: 0 | Y100: 0 | Z100: 0 | AA100: 0 | AB100: 0 | AC100: 0 | AD100: 0 | AE100: 0 | AF100: 0 | AG100: 0 | AH100: 0
B101: TR | C101: 0 | D101: 0 | E101: 0 | F101: 0 | G101: 0 | O101: 0 | P101: 0 | Q101: 0 | R101: 0 | S101: 0 | T101: 0 | U101: 0 | V101: 0 | W101: 0 | X101: 0 | Y101: 0 | Z101: 0 | AA101: 0 | AB101: 0 | AC101: 0 | AD101: 0 | AE101: 0 | AF101: 0 | AG101: 0 | AH101: 0
B103: Table 24: Annual default rates by country and sector grouping – renewables
B105: ISO country code | C105: Average default rate | D105: =+D$4 -> 1994 | E105: =+E$4 -> 1995 | F105: =+F$4 -> 1996 | G105: =+G$4 -> 1997 | H105: =+H$4 -> 1998 | I105: =+I$4 -> 1999 | J105: =+J$4 -> 2000 | K105: =+K$4 -> 2001 | ... AH105: =+AH$4 -> 2024
B106: CL | C106: 0.12030075 | D106: 0 | E106: 0 | F106: 0 | G106: 0 | R106: 0 | S106: 0 | T106: 0 | U106: 0 | V106: 0 | W106: 0 | X106: 0.16666667 | Y106: 0 | Z106: 0.35 | AA106: 0.23076923 | AB106: 0.083333333 | AC106: 0.090909091 | AD106: 0.22222222 | AE106: 0 | AF106: 0 | AG106: 0.25 | AH106: 0
B107: EG | C107: 0 | AB107: 0 | AC107: 0 | AD107: 0 | AE107: 0 | AF107: 0 | AG107: 0 | AH107: 0
B108: HN | C108: 0.053333333 | V108: 0 | W108: 0 | X108: 0 | Y108: 0 | Z108: 0.17647059 | AA108: 0 | AB108: 0.0625 | AC108: 0.0625 | AD108: 0 | AE108: 0 | AF108: 0 | AG108: 0.27272727 | AH108: 0
...

Sheet DR_Inc
H1: 90% confidence interval | I1: Average default rate
C2: 2 | D2: 4 | E2: 5 | F2: 6 | G2: 3 | H2: 15 | I2: 13 | J2: 16
C3: CTPs | D3: Years | E3: Defaults | F3: Observations | G3: Signed EUR Mn | H3: WLower | I3: WAvgDefRate | J3: WUpper
B5: Table 26: Default rates by income group
B7: Income group at year of default | C7: Counter- parties | D7: Observed years | E7: Number of defaults | F7: Number of observations | G7: Signed amount € million | H7: =DR!$H$4 -> Lower of 90% confidence interval | I7: Average default rate | J7: =DR!$J$4 -> Upper of 90% confidence interval
B8: High income | C8: 1568 | D8: 31 | E8: 69 | F8: 3653 | G8: 66157.206 | H8: 0.013902247 | I8: 0.018888585 | J8: 0.023874923 | K8: =IF(ISERROR(J8),IF(L8="Grey",2,1),0) -> 0
B9: Upper middle income | C9: 4484 | D9: 31 | E9: 654 | F9: 24407 | G9: 212846.17 | H9: 0.022516289 | I9: 0.026795591 | J9: 0.031074894 | K9: =IF(ISERROR(J9),IF(L9="Grey",2,1),0) -> 0 | L9: Grey
B10: Lower middle income | C10: 3216 | D10: 31 | E10: 818 | F10: 21565 | G10: 109974.73 | H10: 0.033851517 | I10: 0.037931834 | J10: 0.042012151 | K10: =IF(ISERROR(J10),IF(L10="Grey",2,1),0) -> 0
B11: Low income | C11: 486 | D11: 31 | E11: 464 | F11: 6451 | G11: 9075.5866 | H11: 0.062859265 | I11: 0.071926833 | J11: 0.080994401 | K11: =IF(ISERROR(J11),IF(L11="Grey",2,1),0) -> 0 | L11: Grey
B12: Not available | C12: 722 | D12: 31 | E12: 96 | F12: 3285 | G12: 48307.167 | H12: 0.023909194 | I12: 0.029223744 | J12: 0.034538295 | K12: =IF(ISERROR(J12),IF(L12="Grey",2,1),0) -> 0
B13: Overall, including omitted categories | C13: 10476 | D13: 31 | E13: 2101 | F13: 59361 | G13: 446360.85 | H13: 0.031889333 | I13: 0.035393609 | J13: 0.038897884 | M13: =SUMPRODUCT(I8:I12,C8:C12)/SUM(C8:C12) -> 0.031291857
B14: EMDE | I14: =SUMPRODUCT(I9:I11,C9:C11)/SUM(C9:C11) -> 0.033850067
B15: Figure 11: Default rates by income group

Sheet DR_Inc-Reg
C3: Table 27: Default rates by income group and World Bank region
C5: Income group at year of default | D5: Number of defaults | E5: Number of observations | F5: East Asia & Pacific | G5: Europe & Central Asia | H5: Latin America & Caribbean | I5: Middle East & North Africa | J5: South Asia | K5: Sub-Saharan Africa
C6: High income | D6: 69 | E6: 3653 | G6: 0.012900356 | H6: 0.032977692 | I6: 0.0069444444
C7: Upper middle income | D7: 654 | E7: 24407 | F7: 0.023174157 | G7: 0.024097404 | H7: 0.027405529 | I7: 0.052910053 | J7: 0 | K7: 0.029323758
C8: Lower middle income | D8: 818 | E8: 21565 | F8: 0.040703691 | G8: 0.041993281 | H8: 0.028769497 | I8: 0.02740714 | J8: 0.026041667 | K8: 0.056692913
C9: Low income | D9: 464 | E9: 6451 | F9: 0.10332103 | G9: 0.034941764 | H9: 0.073170732 | I9: 0.085106383 | J9: 0.062983425 | K9: 0.076598579
C10: Not available | D10: 96 | E10: 3285 | F10: 0.0125 | G10: 0.015222482 | H10: 0.042316258 | I10: 0.050420168 | K10: 0.047761194

Sheet DR_Proj
H1: 90% confidence interval | I1: Average default rate
C2: 3 | D2: 4 | E2: 13 | F2: 11 | G2: 14
C3: Defaults | D3: Observations | E3: WLower | F3: WAvgDefRate | G3: WUpper
B5: Table 28: Default rates by project type
B7: Project type of contracts at time of default | C7: Number of defaults | D7: Number of observations | E7: Lower of 90% confidence interval | F7: Average default rate | G7: Upper of 90% confidence interval
B8: Corporate finance | C8: 628 | D8: 12891 | E8: 0.044564873 | F8: 0.048716159 | G8: 0.052867444 | K8: 0
B9: Financial institution finance | C9: 351 | D9: 15326 | E9: 0.019493309 | F9: 0.022902258 | G9: 0.026311206 | K9: 0 | L9: Grey
B10: Project finance | C10: 278 | D10: 7825 | E10: 0.032133525 | F10: 0.035527157 | G10: 0.038920788
B11: Structured finance | C11: 4 | D11: 385 | E11: 0 | F11: 0.01038961 | G11: 0.020826688
B12: Other | C12: 826 | D12: 22672 | E12: 0.030776224 | F12: 0.036432604 | G12: 0.042088984
C13: 0 | D13: 0 | E13: 0 | F13: 0 | G13: 0
B14: Mixed | C14: 4 | D14: 190 | E14: 0 | F14: 0.021052632 | G14: 0.051894866 | K14: 0
B15: Overall, including omitted categories | C15: 2101 | D15: 59361 | E15: 0.031889333 | F15: 0.035393609 | G15: 0.038897884
B17: Figure 12: Default rates by project type

Sheet MasterPD
B2: Table 29: GEMs Master Scale
B5: GEMs rating | C5: Probablility of default
B6: Gi1 | C6: 1e-06
B7: Gi2 | C7: 6e-06
B8: Gi3 | C8: 1.4e-05
B9: Gi4 | C9: 3e-05
B10: Gi5 | C10: 5.8e-05
B11: Gi6 | C11: 0.000109
B12: Gi7 | C12: 0.00025555
B13: Gi8 | C13: 0.00084175
B14: Gi9 | C14: 0.0021607
B15: Gi10 | C15: 0.0045055
B16: Gs1 | C16: 0.00816925
B17: Gs2 | C17: 0.01344505
... B25: Gs10 | C25: 0.2546

Sheet Rt_Freq
B2: Figure 13: Frequency distribution of aligned GEMs ratings
R4: Percent of total
Q5: Gi1 | R5: 0.00019213403 | S5: 10
Q6: Gi2 | R6: 0.00023056084 | S6: 12
Q7: Gi3 | R7: 0.00096067016 | S7: 50
Q8: Gi4 | R8: 0.0048417776 | S8: 252
Q9: Gi5 | R9: 0.00084538974 | S9: 44
Q10: Gi6 | R10: 0.0024977424 | S10: 130
Q11: Gi7 | R11: 0.0024401022 | S11: 127
Q12: Gi8 | R12: 0.019328684 | S12: 1006
Q13: Gi9 | R13: 0.02461237 | S13: 1281
Q14: Gi10 | R14: 0.070167349 | S14: 3652
Q15: Gs1 | R15: 0.1443503 | S15: 7513
Q16: Gs2 | R16: 0.16575403 | S16: 8627
... Q24: Gs10 | R24: 0.011989164 | S24: 624
S25: 52047

Sheet DR_Rt_1y
B2: Figure 14: One-year default rates by GEMs rating
B30: =DR_Rt_Y!F4 -> Gi1 | C30: =DR_Rt_Y!G4 -> Gi2 | D30: =DR_Rt_Y!H4 -> Gi3 | E30: =DR_Rt_Y!I4 -> Gi4 | F30: =DR_Rt_Y!J4 -> Gi5 | G30: =DR_Rt_Y!K4 -> Gi6 | H30: =DR_Rt_Y!L4 -> Gi7 | I30: =DR_Rt_Y!M4 -> Gi8 | ... U30: =DR_Rt_Y!Y4 -> Gs10
A31: Observed default rate | B31: =DR_Rt_Y!F5 -> 0 | C31: =DR_Rt_Y!G5 -> 0 | D31: =DR_Rt_Y!H5 -> 0 | E31: =DR_Rt_Y!I5 -> 0 | F31: =DR_Rt_Y!J5 -> 0 | G31: =DR_Rt_Y!K5 -> 0 | H31: =DR_Rt_Y!L5 -> 0 | I31: =DR_Rt_Y!M5 -> 0.001 | ... U31: =DR_Rt_Y!Y5 -> 0.2462
A32: Average default rate | B32: =DR_Rt_Y!C5 -> 0.03720628 | C32: =+B32 -> 0.03720628 | D32: =+C32 -> 0.03720628 | E32: =+D32 -> 0.03720628 | F32: =+E32 -> 0.03720628 | G32: =+F32 -> 0.03720628 | H32: =+G32 -> 0.03720628 | I32: =+H32 -> 0.03720628 | J32: =+I32 -> 0.03720628 | ... U32: =+T32 -> 0.03720628
A33: GEMs PD master scale | B33: {=TRANSPOSE(MasterPD!C6:C25)} -> 1e-06 | C33: 6e-06 | D33: 1.4e-05 | E33: 3e-05 | F33: 5.8e-05 | G33: 0.000109 | H33: 0.00025555 | I33: 0.00084175 | J33: 0.0021607 | K33: 0.0045055 | L33: 0.00816925 | M33: 0.01344505 | N33: 0.020626 | O33: 0.027432 | P33: 0.03484 | Q33: 0.046082 | R33: 0.070004 | S33: 0.0946 | T33: 0.1546 | U33: 0.2546

Sheet DR_Rt_Y
B2: Table 30: Marginal default rates by GEMs rating and year
B4: Years after rating | C4: Average default rate | D4: Defaults | E4: Observations | F4: Gi1 | G4: Gi2 | H4: Gi3 | I4: Gi4 | J4: Gi5 | K4: Gi6 | L4: Gi7 | M4: Gi8 | N4: Gi9 | O4: Gi10 | P4: Gs1 | Q4: Gs2 | R4: Gs3 | S4: Gs4 | T4: Gs5 | U4: Gs6 | V4: Gs7 | W4: Gs8 | X4: Gs9 | Y4: Gs10
B5: 1 | C5: 0.03720628 | D5: 1832 | E5: 49239 | F5: 0 | G5: 0 | H5: 0 | I5: 0 | J5: 0 | K5: 0 | L5: 0 | M5: 0.001 | N5: 0.0025 | O5: 0.0043 | P5: 0.0075 | Q5: 0.0128 | R5: 0.0199 | S5: 0.0269 | T5: 0.0336 | U5: 0.0481 | V5: 0.0714 | W5: 0.1059 | X5: 0.1645 | Y5: 0.2462
B6: 2 | C6: 0.039268684 | D6: 1540 | E6: 39217 | F6: 0 | G6: 0 | H6: 0 | I6: 0 | J6: 0 | K6: 0 | L6: 0 | M6: 0.0038 | N6: 0.003 | O6: 0.0074 | P6: 0.0108 | Q6: 0.0194 | R6: 0.0309 | S6: 0.0384 | T6: 0.0518 | U6: 0.063 | V6: 0.0735 | W6: 0.1031 | X6: 0.122 | Y6: 0.158
B7: 3 | C7: 0.038122351 | D7: 1165 | E7: 30559.5 | F7: 0 | G7: 0 | H7: 0 | I7: 0.0055 | J7: 0 | K7: 0.012 | L7: 0.012 | M7: 0.0015 | N7: 0.0049 | O7: 0.007 | P7: 0.014 | Q7: 0.0197 | R7: 0.0364 | S7: 0.046 | T7: 0.0506 | U7: 0.0692 | V7: 0.0673 | W7: 0.0875 | X7: 0.113 | Y7: 0.1416
B8: 4 | C8: 0.033958547 | D8: 793 | E8: 23352 | F8: 0 | G8: 0 | H8: 0 | I8: 0 | J8: 0 | K8: 0.0299 | L8: 0 | M8: 0.0019 | N8: 0.0046 | O8: 0.009 | P8: 0.0145 | Q8: 0.0212 | R8: 0.0326 | S8: 0.0533 | T8: 0.0471 | U8: 0.0596 | V8: 0.0626 | W8: 0.0677 | X8: 0.0875 | Y8: 0.1194
B9: 5 | C9: 0.03048399 | D9: 536 | E9: 17583 | F9: 0 | G9: 0 | H9: 0 | I9: 0.008 | J9: 0 | K9: 0.0396 | L9: 0 | M9: 0.0047 | N9: 0.0019 | O9: 0.0084 | P9: 0.0146 | Q9: 0.0281 | R9: 0.028 | S9: 0.0293 | T9: 0.0473 | U9: 0.0569 | V9: 0.0555 | W9: 0.0534 | X9: 0.0892 | Y9: 0.0795
B10: 6 | C10: 0.026814786 | D10: 350 | E10: 13052.5 | F10: 0 | G10: 0 | H10: 0 | I10: 0 | J10: 0 | K10: 0.0533 | L10: 0 | M10: 0.0061 | N10: 0.0048 | O10: 0.0066 | P10: 0.0132 | Q10: 0.0238 | R10: 0.0306 | S10: 0.0323 | T10: 0.0442 | U10: 0.0498 | V10: 0.0386 | W10: 0.0424 | X10: 0.0835 | Y10: 0.0988
B11: 7 | C11: 0.024086335 | D11: 231 | E11: 9590.5 | F11: 0 | G11: 0 | H11: 0 | I11: 0 | J11: 0 | K11: 0.0377 | L11: 0 | M11: 0.0039 | N11: 0.003 | O11: 0.0054 | P11: 0.0168 | Q11: 0.0196 | R11: 0.0282 | S11: 0.0319 | T11: 0.0375 | U11: 0.0404 | V11: 0.0347 | W11: 0.04 | X11: 0.0792 | Y11: 0.125
B12: 8 | C12: 0.024454397 | D12: 172 | E12: 7033.5 | F12: 0 | G12: 0 | H12: 0 | I12: 0 | J12: 0.1176 | K12: 0 | L12: 0.0465 | M12: 0 | N12: 0.0075 | O12: 0.0045 | P12: 0.012 | Q12: 0.018 | R12: 0.0289 | S12: 0.0554 | T12: 0.049 | U12: 0.0497 | V12: 0.031 | W12: 0.0455 | X12: 0.0631 | Y12: 0.1333
B13: 9 | C13: 0.022917071 | D13: 118 | E13: 5149 | F13: 0 | H13: 0 | I13: 0 | J13: 0 | K13: 0 | L13: 0 | M13: 0 | N13: 0.0098 | O13: 0.0059 | P13: 0.0119 | Q13: 0.0209 | R13: 0.0276 | S13: 0.0654 | T13: 0.0387 | U13: 0.0432 | V13: 0.0386 | W13: 0.0268 | X13: 0.0621 | Y13: 0.1111
B14: 10 | C14: 0.018181818 | D14: 68 | E14: 3740 | H14: 0 | I14: 0 | J14: 0 | K14: 0 | L14: 0 | M14: 0 | N14: 0.0262 | O14: 0.0096 | P14: 0.0067 | Q14: 0.0147 | R14: 0.021 | S14: 0.0719 | T14: 0.0361 | U14: 0.0432 | V14: 0.0235 | W14: 0.0051 | X14: 0.0714 | Y14: 0.1333
B15: 11 | C15: 0.014860457 | D15: 41 | E15: 2759 | H15: 0 | I15: 0 | J15: 0 | K15: 0 | L15: 0 | M15: 0 | N15: 0.0271 | O15: 0.0025 | P15: 0.0104 | Q15: 0.0275 | R15: 0.0124 | S15: 0 | T15: 0.0209 | U15: 0.0571 | V15: 0.0153 | W15: 0 | X15: 0.0541 | Y15: 0.1667
B16: 12 | C16: 0.013942308 | D16: 29 | E16: 2080 | H16: 0 | I16: 0 | J16: 0 | K16: 0 | L16: 0 | M16: 0 | N16: 0 | O16: 0.0132 | P16: 0.0153 | Q16: 0.0172 | R16: 0.0115 | S16: 0.0235 | T16: 0.0308 | U16: 0.0435 | V16: 0.005 | W16: 0.0079 | X16: 0.04 | Y16: 0
B17: 13 | C17: 0.0082096621 | D17: 13 | E17: 1583.5 | H17: 0 | I17: 0 | K17: 0 | L17: 0 | M17: 0 | N17: 0.0194 | O17: 0 | P17: 0.0136 | Q17: 0 | R17: 0.0041 | S17: 0 | T17: 0.0235 | U17: 0.0238 | V17: 0.0123 | W17: 0 | X17: 0.05 | Y17: 0
B18: 14 | C18: 0.0098119379 | D18: 12 | E18: 1223 | H18: 0 | I18: 0 | L18: 0 | M18: 0 | N18: 0.0267 | O18: 0 | P18: 0.0101 | Q18: 0 | R18: 0.0053 | S18: 0 | T18: 0 | U18: 0.0508 | V18: 0.0081 | W18: 0 | X18: 0.1935 | Y18: 0
B19: 15 | C19: 0.007364545 | D19: 7 | E19: 950.5 | H19: 0 | I19: 0 | L19: 0 | M19: 0 | N19: 0 | O19: 0.0069 | P19: 0.008 | Q19: 0 | R19: 0 | S19: 0 | T19: 0 | U19: 0.0253 | V19: 0.0116 | W19: 0 | X19: 0.25 | Y19: 0
B20: 16 | C20: 0.0054347826 | D20: 4 | E20: 736 | H20: 0 | I20: 0 | L20: 0 | M20: 0 | N20: 0.069 | O20: 0 | P20: 0.0143 | Q20: 0 | R20: 0 | S20: 0 | T20: 0 | U20: 0 | V20: 0 | W20: 0 | X20: 0 | Y20: 0
B21: 17 | C21: 0.0071174377 | D21: 4 | E21: 562 | H21: 0 | I21: 0 | L21: 0 | M21: 0 | N21: 0.1333 | O21: 0 | P21: 0.017 | Q21: 0 | R21: 0 | S21: 0 | T21: 0 | U21: 0 | V21: 0 | W21: 0 | X21: 0 | Y21: 0
B22: 18 | C22: 0.0046893318 | D22: 2 | E22: 426.5 | H22: 0 | I22: 0 | M22: 0 | N22: 0 | O22: 0 | P22: 0.0133 | Q22: 0 | R22: 0 | S22: 0 | T22: 0 | U22: 0 | V22: 0 | W22: 0 | Y22: 0
B23: 19 | C23: 0.003030303 | D23: 1 | E23: 330 | H23: 0 | I23: 0 | M23: 0 | O23: 0 | P23: 0.0078 | Q23: 0 | R23: 0 | S23: 0 | T23: 0 | U23: 0 | V23: 0 | W23: 0
B24: 20 | C24: 0.0079522863 | D24: 2 | E24: 251.5 | H24: 0 | I24: 0 | M24: 0 | O24: 0 | P24: 0.0095 | Q24: 0 | R24: 0 | S24: 0 | T24: 0 | U24: 0 | V24: 0 | W24: 0.029
B25: 21 | C25: 0.010498688 | D25: 2 | E25: 190.5 | H25: 0 | M25: 0 | O25: 0 | P25: 0.0115 | Q25: 0 | R25: 0 | S25: 0 | T25: 0 | U25: 0 | V25: 0 | W25: 0.0357
B26: 22 | C26: 0.013937282 | D26: 2 | E26: 143.5 | M26: 0 | O26: 0 | P26: 0.0145 | Q26: 0 | R26: 0 | S26: 0 | T26: 0 | U26: 0 | V26: 0 | W26: 0.0455
B27: 23 | C27: 0.01843318 | D27: 2 | E27: 108.5 | M27: 0 | O27: 0 | P27: 0.0183 | Q27: 0 | R27: 0 | S27: 0 | T27: 0 | V27: 0 | W27: 0.0625
B28: 24 | C28: 0.012345679 | D28: 1 | E28: 81 | M28: 0 | O28: 0 | P28: 0 | R28: 0 | S28: 0 | T28: 0 | V28: 0 | W28: 0.08
